id_pedido,id_cliente,id_producto,id_transportista,region_destino,monto_venta,costo_envio,costo_producto,fecha_pedido,fecha_promesa,fecha_entrega,estado_envio
PED-10001,CLI-1032,PROD-106,TR-104,Centro,2601,24.81,559,2025-11-11,2025-11-15,2025-11-16,Entregado
PED-10002,CLI-1140,PROD-126,TR-101,Oeste,2556,25.85,1686,2024-11-07,2024-11-10,2024-11-10,Entregado
PED-10003,CLI-1119,PROD-114,TR-104,Centro,903,25.96,181,2025-11-22,2025-11-26,2025-11-26,Entregado
PED-10004,CLI-1072,PROD-116,TR-103,Oeste,1392,14.45,574,2024-04-05,2024-04-10,2024-04-09,Entregado
PED-10005,CLI-1050,PROD-104,TR-101,Este,291,20.57,26,2024-02-17,2024-02-20,2024-02-20,Entregado
PED-10006,CLI-1147,PROD-106,TR-104,Oeste,2601,8.65,1677,2025-05-21,2025-05-25,2025-05-24,Entregado
PED-10007,CLI-1027,PROD-124,TR-104,Oeste,1005,9.83,362,2024-08-12,2024-08-16,2024-08-17,Entregado
PED-10008,CLI-1031,PROD-114,TR-102,Norte,903,16.91,543,2026-03-31,2026-04-04,2026-04-05,Entregado
PED-10009,CLI-1113,PROD-119,TR-104,Norte,93,31.33,129,2026-04-30,2026-05-04,2026-05-04,Entregado
PED-10010,CLI-1115,PROD-108,TR-102,Sur,168,14.84,75,2026-05-10,2026-05-14,2026-05-15,Entregado
PED-10011,CLI-1073,PROD-107,TR-103,Este,470,12.5,276,2024-12-09,2024-12-14,2024-12-15,Entregado
PED-10012,CLI-1039,PROD-122,TR-102,Centro,630,19.52,214,2024-03-06,2024-03-10,2024-03-10,Entregado
PED-10013,CLI-1052,PROD-126,TR-104,Oeste,2556,31.2,562,2025-02-02,2025-02-06,2025-02-07,Entregado
PED-10014,CLI-1097,PROD-115,TR-101,Este,486,28.31,324,2024-12-26,2024-12-29,2024-12-29,Entregado
PED-10015,CLI-1139,PROD-125,TR-102,Oeste,1716,18.8,551,2025-05-14,2025-05-18,2025-05-18,Entregado
PED-10016,CLI-1103,PROD-123,TR-102,Oeste,1377,9.21,834,2026-05-10,2026-05-14,2026-05-13,Entregado
PED-10017,CLI-1100,PROD-118,TR-101,Oeste,176,9.83,45,2024-03-26,2024-03-29,2024-03-28,Entregado
PED-10018,CLI-1097,PROD-110,TR-102,Este,410,15.19,248,2025-04-10,2025-04-14,2025-04-14,Entregado
PED-10019,CLI-1020,PROD-115,TR-101,Norte,243,10.32,324,2026-02-06,2026-02-09,,Cancelado
PED-10020,CLI-1010,PROD-124,TR-101,Oeste,1005,14.82,181,2024-09-10,2024-09-13,2024-09-12,Entregado
PED-10021,CLI-1121,PROD-121,TR-101,Oeste,192,28.82,72,2025-07-31,2025-08-03,2025-08-03,Entregado
PED-10022,CLI-1042,PROD-119,TR-101,Este,93,9.18,129,2026-03-07,2026-03-10,2026-03-10,Entregado
PED-10023,CLI-1079,PROD-118,TR-104,Centro,88,26.8,135,2025-02-10,2025-02-14,2025-02-13,Entregado
PED-10024,CLI-1062,PROD-103,TR-103,Centro,1407,17.7,272,2026-05-20,2026-05-25,2026-05-24,Entregado
PED-10025,CLI-1109,PROD-121,TR-103,Norte,64,30.29,72,2024-03-11,2024-03-16,2024-03-16,Entregado
PED-10026,CLI-1027,PROD-113,TR-103,Oeste,633,20.04,102,2025-10-12,2025-10-17,2025-10-17,Entregado
PED-10027,CLI-1133,PROD-120,TR-103,Este,1678,20.04,1082,2025-09-22,2025-09-27,2025-09-28,Entregado
PED-10028,CLI-1068,PROD-110,TR-102,Este,410,28.39,124,2026-04-30,2026-05-04,2026-05-04,Entregado
PED-10029,CLI-1145,PROD-119,TR-104,Oeste,93,14.12,86,2024-12-10,2024-12-14,2024-12-18,Entregado
PED-10030,CLI-1087,PROD-108,TR-103,Sur,84,27.58,25,2025-07-23,2025-07-28,2025-07-31,Entregado
PED-10031,CLI-1061,PROD-122,TR-104,Este,210,16.3,107,2025-10-23,2025-10-27,2025-10-27,Entregado
PED-10032,CLI-1103,PROD-122,TR-102,Oeste,420,22.57,321,2024-11-09,2024-11-13,2024-11-13,Entregado
PED-10033,CLI-1108,PROD-123,TR-103,Este,918,14.61,556,2024-12-26,2024-12-31,2024-12-31,Entregado
PED-10034,CLI-1049,PROD-110,TR-101,Oeste,205,14.23,124,2026-01-30,2026-02-02,2026-02-03,Entregado
PED-10035,CLI-1134,PROD-119,TR-103,Sur,93,13.26,86,2024-04-12,2024-04-17,2024-04-17,Entregado
PED-10036,CLI-1003,PROD-122,TR-102,Norte,630,26.98,214,2024-10-07,2024-10-11,2024-10-13,Entregado
PED-10037,CLI-1125,PROD-103,TR-101,Centro,938,13.39,544,2025-08-10,2025-08-13,2025-08-13,Entregado
PED-10038,CLI-1013,PROD-108,TR-104,Centro,168,23.79,25,2024-04-26,2024-04-30,2024-04-30,Entregado
PED-10039,CLI-1013,PROD-104,TR-102,Centro,97,11.64,26,2026-04-10,2026-04-14,2026-04-14,Entregado
PED-10040,CLI-1106,PROD-119,TR-102,Sur,186,31.29,86,2026-03-05,2026-03-09,2026-03-09,Entregado
PED-10041,CLI-1109,PROD-109,TR-101,Norte,863,14.09,1674,2025-09-16,2025-09-19,2025-09-18,Entregado
PED-10042,CLI-1020,PROD-105,TR-102,Norte,440,20.44,552,2024-06-26,2024-06-30,2024-06-29,Entregado
PED-10043,CLI-1120,PROD-109,TR-101,Sur,2589,10.39,1116,2024-08-25,2024-08-28,2024-08-28,Entregado
PED-10044,CLI-1059,PROD-129,TR-103,Sur,195,19.77,17,2026-03-17,2026-03-22,2026-03-23,Entregado
PED-10045,CLI-1038,PROD-129,TR-103,Este,65,24.27,34,2026-04-26,2026-05-01,2026-04-30,Entregado
PED-10046,CLI-1145,PROD-129,TR-103,Oeste,130,19.17,51,2025-03-25,2025-03-30,2025-03-31,Entregado
PED-10047,CLI-1138,PROD-115,TR-104,Sur,729,24.5,216,2024-03-23,2024-03-27,2024-03-27,Entregado
PED-10048,CLI-1006,PROD-102,TR-102,Centro,2529,34.99,563,2025-11-21,2025-11-25,2025-11-26,Entregado
PED-10049,CLI-1068,PROD-118,TR-101,Este,264,20.22,135,2026-02-20,2026-02-23,2026-02-23,Entregado
PED-10050,CLI-1071,PROD-105,TR-104,Este,880,19.32,552,2025-10-12,2025-10-16,2025-10-15,Entregado
PED-10051,CLI-1082,PROD-121,TR-101,Centro,192,16.14,72,2026-05-28,2026-05-31,2026-05-31,Entregado
PED-10052,CLI-1102,PROD-126,TR-101,Norte,1704,34.21,562,2025-04-10,2025-04-13,2025-04-18,Entregado
PED-10053,CLI-1131,PROD-126,TR-101,Sur,1704,13.47,562,2025-11-04,2025-11-07,2025-11-07,Entregado
PED-10054,CLI-1092,PROD-119,TR-104,Oeste,93,23.05,86,2025-10-02,2025-10-06,2025-10-05,Entregado
PED-10055,CLI-1073,PROD-114,TR-104,Este,903,16.73,181,2024-05-04,2024-05-08,2024-05-11,Entregado
PED-10056,CLI-1104,PROD-102,TR-102,Sur,843,30.55,1689,2026-05-11,2026-05-15,2026-05-15,Entregado
PED-10057,CLI-1127,PROD-129,TR-103,Este,130,14.96,34,2025-06-05,2025-06-10,2025-06-10,Entregado
PED-10058,CLI-1141,PROD-104,TR-104,Norte,291,31.4,26,2024-07-14,2024-07-18,2024-07-19,Entregado
PED-10059,CLI-1106,PROD-110,TR-103,Sur,615,34.97,372,2026-04-20,2026-04-25,2026-04-29,Entregado
PED-10060,CLI-1038,PROD-114,TR-104,Este,602,33.22,362,2024-12-19,2024-12-23,,Cancelado
PED-10061,CLI-1061,PROD-118,TR-104,Este,88,28.23,90,2024-08-27,2024-08-31,2024-08-31,Entregado
PED-10062,CLI-1097,PROD-112,TR-102,Este,642,17.3,318,2025-05-22,2025-05-26,2025-05-25,Entregado
PED-10063,CLI-1025,PROD-127,TR-104,Oeste,54,12.32,93,2024-04-12,2024-04-16,2024-04-16,Entregado
PED-10064,CLI-1039,PROD-102,TR-104,Centro,2529,19.03,1689,2026-03-11,2026-03-15,2026-03-15,Entregado
PED-10065,CLI-1020,PROD-127,TR-103,Norte,108,25.11,62,2026-05-22,2026-05-27,,Cancelado
PED-10066,CLI-1124,PROD-127,TR-101,Sur,54,10.9,93,2025-09-24,2025-09-27,,Cancelado
PED-10067,CLI-1025,PROD-114,TR-102,Oeste,301,29.6,362,2025-12-11,2025-12-15,2025-12-14,Entregado
PED-10068,CLI-1075,PROD-111,TR-103,Oeste,1724,26.57,1650,2025-03-17,2025-03-22,2025-03-23,Entregado
PED-10069,CLI-1044,PROD-102,TR-104,Norte,2529,14.65,563,2025-09-26,2025-09-30,2025-09-30,Entregado
PED-10070,CLI-1065,PROD-114,TR-103,Oeste,602,22.98,543,2025-11-13,2025-11-18,2025-11-23,Entregado
PED-10071,CLI-1088,PROD-118,TR-103,Sur,176,30.9,90,2025-10-16,2025-10-21,2025-10-22,Entregado
PED-10072,CLI-1098,PROD-127,TR-104,Sur,108,16.34,93,2024-04-19,2024-04-23,2024-04-24,Entregado
PED-10073,CLI-1005,PROD-126,TR-104,Oeste,2556,21.66,1686,2024-10-08,2024-10-12,,Cancelado
PED-10074,CLI-1073,PROD-124,TR-102,Este,1005,24.95,181,2025-09-13,2025-09-17,2025-09-16,Entregado
PED-10075,CLI-1035,PROD-120,TR-101,Centro,1678,23.86,541,2025-10-04,2025-10-07,2025-10-07,Entregado
PED-10076,CLI-1033,PROD-102,TR-103,Oeste,843,29.34,563,2024-11-30,2024-12-05,2024-12-04,Entregado
PED-10077,CLI-1093,PROD-116,TR-103,Norte,928,31.57,861,2026-04-30,2026-05-05,2026-05-05,Entregado
PED-10078,CLI-1029,PROD-114,TR-101,Oeste,903,26.37,543,2024-05-24,2024-05-27,2024-05-26,Entregado
PED-10079,CLI-1101,PROD-127,TR-103,Norte,108,11.78,93,2024-04-02,2024-04-07,2024-04-06,Entregado
PED-10080,CLI-1094,PROD-121,TR-103,Oeste,128,26.38,36,2025-08-21,2025-08-26,2025-08-27,Entregado
PED-10081,CLI-1143,PROD-110,TR-102,Centro,615,25.7,248,2025-10-25,2025-10-29,2025-11-03,Entregado
PED-10082,CLI-1011,PROD-101,TR-103,Oeste,201,18.8,19,2025-05-19,2025-05-24,2025-05-27,Entregado
PED-10083,CLI-1138,PROD-113,TR-102,Sur,422,19.32,306,2026-06-25,2026-06-29,2026-06-28,Entregado
PED-10084,CLI-1071,PROD-101,TR-103,Este,134,34.49,19,2024-08-10,2024-08-15,2024-08-14,Entregado
PED-10085,CLI-1094,PROD-117,TR-103,Oeste,459,10.93,544,2024-03-03,2024-03-08,2024-03-07,Entregado
PED-10086,CLI-1054,PROD-120,TR-101,Norte,839,13.94,1623,2024-02-21,2024-02-24,2024-02-24,Entregado
PED-10087,CLI-1141,PROD-106,TR-102,Norte,867,8.58,1677,2026-04-12,2026-04-16,2026-04-16,Entregado
PED-10088,CLI-1037,PROD-104,TR-103,Sur,97,8.89,26,2026-03-28,2026-04-02,2026-04-03,Entregado
PED-10089,CLI-1060,PROD-118,TR-103,Centro,88,19.66,135,2024-01-17,2024-01-22,2024-01-21,Entregado
PED-10090,CLI-1029,PROD-123,TR-101,Oeste,1377,11.39,834,2025-05-02,2025-05-05,2025-05-05,Entregado
PED-10091,CLI-1128,PROD-107,TR-101,Este,1410,20.64,552,2026-01-14,2026-01-17,,Cancelado
PED-10092,CLI-1015,PROD-115,TR-104,Centro,729,10.45,216,2025-03-12,2025-03-16,2025-03-16,Entregado
PED-10093,CLI-1020,PROD-110,TR-102,Norte,615,23.03,372,2024-03-08,2024-03-12,2024-03-13,Entregado
PED-10094,CLI-1135,PROD-109,TR-104,Sur,2589,31.1,558,2025-06-01,2025-06-05,2025-06-04,Entregado
PED-10095,CLI-1141,PROD-123,TR-102,Norte,918,30.43,556,2025-03-16,2025-03-20,2025-03-19,Entregado
PED-10096,CLI-1102,PROD-113,TR-101,Norte,422,26.7,102,2024-11-16,2024-11-19,2024-11-20,Entregado
PED-10097,CLI-1023,PROD-126,TR-101,Centro,2556,30.01,1124,2024-04-05,2024-04-08,2024-04-09,Entregado
PED-10098,CLI-1143,PROD-117,TR-103,Centro,1377,31.5,544,2025-11-17,2025-11-22,2025-11-22,Entregado
PED-10099,CLI-1013,PROD-109,TR-103,Centro,863,21.28,1674,2024-12-26,2024-12-31,2025-01-03,Entregado
PED-10100,CLI-1089,PROD-127,TR-103,Este,54,30.9,62,2024-04-27,2024-05-02,,Cancelado
PED-10101,CLI-1142,PROD-100,TR-103,Norte,114,17.8,24,2024-01-30,2024-02-04,2024-02-05,Entregado
PED-10102,CLI-1036,PROD-118,TR-104,Este,88,28.27,45,2024-03-12,2024-03-16,2024-03-17,Entregado
PED-10103,CLI-1107,PROD-114,TR-103,Sur,602,24.3,543,2024-06-10,2024-06-15,,Cancelado
PED-10104,CLI-1039,PROD-105,TR-101,Centro,1320,21.37,552,2025-11-21,2025-11-24,2025-11-29,Entregado
PED-10105,CLI-1069,PROD-106,TR-101,Este,2601,24.22,1677,2024-12-19,2024-12-22,2024-12-22,Entregado
PED-10106,CLI-1134,PROD-121,TR-103,Sur,64,13.92,36,2024-02-16,2024-02-21,,Cancelado
PED-10107,CLI-1035,PROD-124,TR-103,Centro,670,19.91,543,2024-10-23,2024-10-28,2024-10-27,Entregado
PED-10108,CLI-1033,PROD-112,TR-102,Oeste,428,19.02,106,2025-05-27,2025-05-31,2025-06-01,Entregado
PED-10109,CLI-1111,PROD-100,TR-104,Este,114,19.22,36,2024-03-20,2024-03-24,2024-03-25,Entregado
PED-10110,CLI-1074,PROD-103,TR-104,Sur,1407,30.55,544,2024-01-22,2024-01-26,2024-01-25,Entregado
PED-10111,CLI-1092,PROD-102,TR-104,Oeste,2529,22.39,1126,2026-05-14,2026-05-18,2026-05-23,Entregado
PED-10112,CLI-1079,PROD-123,TR-103,Centro,459,25.28,834,2024-08-14,2024-08-19,2024-08-18,Entregado
PED-10113,CLI-1135,PROD-116,TR-102,Sur,1392,14.76,287,2026-03-05,2026-03-09,2026-03-10,Entregado
PED-10114,CLI-1050,PROD-105,TR-102,Este,440,21.59,828,2026-02-17,2026-02-21,2026-02-20,Entregado
PED-10115,CLI-1144,PROD-124,TR-104,Norte,1005,34.64,543,2025-11-28,2025-12-02,2025-12-03,Entregado
PED-10116,CLI-1080,PROD-104,TR-104,Norte,194,24.17,52,2024-03-10,2024-03-14,2024-03-15,Entregado
PED-10117,CLI-1018,PROD-109,TR-104,Este,1726,25.58,558,2025-04-07,2025-04-11,,Cancelado
PED-10118,CLI-1023,PROD-119,TR-104,Centro,93,32.59,86,2025-04-18,2025-04-22,2025-04-23,Entregado
PED-10119,CLI-1048,PROD-110,TR-104,Norte,410,29.99,124,2025-05-28,2025-06-01,2025-05-31,Entregado
PED-10120,CLI-1087,PROD-122,TR-101,Sur,210,20.1,321,2025-05-31,2025-06-03,2025-06-02,Entregado
PED-10121,CLI-1112,PROD-116,TR-102,Este,928,29.02,574,2025-01-07,2025-01-11,2025-01-11,Entregado
PED-10122,CLI-1013,PROD-125,TR-103,Centro,2574,16.03,1102,2024-03-08,2024-03-13,2024-03-14,Entregado
PED-10123,CLI-1038,PROD-110,TR-101,Este,410,27.01,372,2025-08-19,2025-08-22,2025-08-22,Entregado
PED-10124,CLI-1100,PROD-104,TR-101,Oeste,194,26.26,26,2024-11-13,2024-11-16,2024-11-17,Entregado
PED-10125,CLI-1134,PROD-102,TR-104,Sur,1686,33.71,563,2025-06-04,2025-06-08,2025-06-08,Entregado
PED-10126,CLI-1087,PROD-124,TR-104,Sur,335,16.34,181,2024-07-15,2024-07-19,2024-07-18,Entregado
PED-10127,CLI-1025,PROD-116,TR-101,Oeste,464,18.48,861,2025-11-08,2025-11-11,2025-11-12,Entregado
PED-10128,CLI-1042,PROD-123,TR-104,Este,1377,34.19,278,2024-02-14,2024-02-18,2024-02-19,Entregado
PED-10129,CLI-1114,PROD-107,TR-102,Centro,470,26.48,552,2024-11-12,2024-11-16,2024-11-16,Entregado
PED-10130,CLI-1146,PROD-114,TR-104,Norte,903,19.59,543,2026-02-26,2026-03-02,2026-03-02,Entregado
PED-10131,CLI-1041,PROD-126,TR-102,Sur,852,21.24,1686,2026-03-31,2026-04-04,2026-04-04,Entregado
PED-10132,CLI-1095,PROD-117,TR-101,Sur,918,28.72,272,2025-12-29,2026-01-01,2025-12-31,Entregado
PED-10133,CLI-1069,PROD-114,TR-102,Este,602,33.16,362,2026-04-30,2026-05-04,2026-05-03,Entregado
PED-10134,CLI-1106,PROD-101,TR-104,Sur,67,14.45,38,2025-05-29,2025-06-02,2025-06-02,Entregado
PED-10135,CLI-1081,PROD-129,TR-101,Oeste,65,9.52,17,2026-05-09,2026-05-12,2026-05-12,Entregado
PED-10136,CLI-1120,PROD-122,TR-102,Sur,630,32.51,107,2026-02-16,2026-02-20,2026-02-20,Entregado
PED-10137,CLI-1004,PROD-108,TR-102,Sur,252,19.72,75,2026-05-05,2026-05-09,2026-05-10,Entregado
PED-10138,CLI-1060,PROD-109,TR-101,Centro,2589,10.16,1116,2024-02-18,2024-02-21,2024-02-22,Entregado
PED-10139,CLI-1127,PROD-119,TR-101,Este,279,16.22,43,2025-10-09,2025-10-12,2025-10-11,Entregado
PED-10140,CLI-1000,PROD-119,TR-103,Este,279,10.77,129,2024-09-03,2024-09-08,2024-09-07,Entregado
PED-10141,CLI-1092,PROD-102,TR-101,Oeste,2529,34.5,1126,2025-02-03,2025-02-06,2025-02-05,Entregado
PED-10142,CLI-1064,PROD-123,TR-101,Oeste,459,25.91,834,2024-12-31,2025-01-03,2025-01-03,Entregado
PED-10143,CLI-1026,PROD-124,TR-103,Sur,1005,30.51,181,2024-05-16,2024-05-21,2024-05-25,Entregado
PED-10144,CLI-1122,PROD-120,TR-102,Centro,1678,16.28,541,2026-04-10,2026-04-14,2026-04-15,Entregado
PED-10145,CLI-1051,PROD-128,TR-101,Centro,120,21.05,87,2024-11-19,2024-11-22,2024-11-23,Entregado
PED-10146,CLI-1048,PROD-109,TR-103,Norte,1726,11.8,1116,2026-06-01,2026-06-06,2026-06-07,Entregado
PED-10147,CLI-1102,PROD-123,TR-104,Norte,918,21.68,834,2025-01-30,2025-02-03,2025-02-02,Entregado
PED-10148,CLI-1132,PROD-108,TR-101,Sur,252,22.96,25,2026-01-14,2026-01-17,2026-01-17,Entregado
PED-10149,CLI-1082,PROD-103,TR-101,Centro,938,27.52,816,2024-12-01,2024-12-04,2024-12-04,Entregado
PED-10150,CLI-1042,PROD-122,TR-104,Este,420,34.95,321,2024-12-25,2024-12-29,2024-12-30,Entregado
PED-10151,CLI-1014,PROD-102,TR-104,Norte,2529,33.75,563,2025-01-07,2025-01-11,2025-01-12,Entregado
PED-10152,CLI-1112,PROD-101,TR-102,Este,134,18.65,38,2024-03-09,2024-03-13,2024-03-14,Entregado
PED-10153,CLI-1039,PROD-121,TR-104,Centro,192,22.53,36,2025-01-14,2025-01-18,2025-01-17,Entregado
PED-10154,CLI-1101,PROD-110,TR-103,Norte,615,21.72,124,2024-09-12,2024-09-17,2024-09-16,Entregado
PED-10155,CLI-1099,PROD-129,TR-101,Oeste,130,34.9,17,2024-09-25,2024-09-28,2024-09-29,Entregado
PED-10156,CLI-1125,PROD-106,TR-101,Centro,867,20.3,1677,2024-05-18,2024-05-21,2024-05-21,Entregado
PED-10157,CLI-1022,PROD-125,TR-103,Norte,2574,16.19,1653,2025-11-14,2025-11-19,2025-11-18,Entregado
PED-10158,CLI-1076,PROD-127,TR-102,Norte,162,29.53,31,2025-12-29,2026-01-02,2026-01-03,Entregado
PED-10159,CLI-1031,PROD-106,TR-102,Norte,1734,23.67,1677,2024-08-30,2024-09-03,2024-09-02,Entregado
PED-10160,CLI-1119,PROD-125,TR-102,Centro,1716,34.99,1102,2025-09-18,2025-09-22,2025-09-21,Entregado
PED-10161,CLI-1122,PROD-116,TR-104,Centro,464,34.27,287,2026-02-26,2026-03-02,2026-03-03,Entregado
PED-10162,CLI-1115,PROD-114,TR-103,Sur,903,13.32,543,2024-05-11,2024-05-16,,Cancelado
PED-10163,CLI-1110,PROD-116,TR-101,Sur,928,12.79,287,2026-05-01,2026-05-04,2026-05-03,Entregado
PED-10164,CLI-1057,PROD-111,TR-103,Norte,2586,15.77,1650,2026-05-16,2026-05-21,2026-05-24,Entregado
PED-10165,CLI-1136,PROD-102,TR-102,Sur,843,25.05,1689,2025-08-29,2025-09-02,2025-09-01,Entregado
PED-10166,CLI-1086,PROD-126,TR-101,Oeste,852,28.93,1686,2026-04-25,2026-04-28,2026-04-27,Entregado
PED-10167,CLI-1067,PROD-120,TR-102,Este,2517,21.7,541,2026-02-24,2026-02-28,2026-03-01,Entregado
PED-10168,CLI-1074,PROD-120,TR-103,Sur,1678,20.52,1082,2025-05-09,2025-05-14,2025-05-15,Entregado
PED-10169,CLI-1040,PROD-114,TR-104,Este,903,16.78,181,2025-05-10,2025-05-14,2025-05-14,Entregado
PED-10170,CLI-1081,PROD-123,TR-103,Oeste,1377,11.31,834,2025-02-12,2025-02-17,2025-02-17,Entregado
PED-10171,CLI-1061,PROD-114,TR-101,Este,301,16.19,181,2024-09-30,2024-10-03,2024-10-02,Entregado
PED-10172,CLI-1098,PROD-127,TR-104,Sur,108,27.61,93,2024-09-11,2024-09-15,2024-09-14,Entregado
PED-10173,CLI-1048,PROD-124,TR-102,Norte,670,21.68,362,2025-05-25,2025-05-29,2025-05-29,Entregado
PED-10174,CLI-1023,PROD-112,TR-104,Centro,214,15.96,106,2024-09-03,2024-09-07,2024-09-07,Entregado
PED-10175,CLI-1120,PROD-109,TR-101,Sur,1726,18.19,1674,2026-05-17,2026-05-20,2026-05-23,Entregado
PED-10176,CLI-1011,PROD-112,TR-101,Oeste,642,10.45,212,2025-08-06,2025-08-09,2025-08-09,Entregado
PED-10177,CLI-1129,PROD-114,TR-103,Centro,903,11.91,181,2026-04-25,2026-04-30,2026-05-01,Entregado
PED-10178,CLI-1095,PROD-125,TR-103,Sur,858,21.99,1653,2025-07-25,2025-07-30,2025-07-29,Entregado
PED-10179,CLI-1128,PROD-101,TR-101,Este,134,20.61,57,2024-02-09,2024-02-12,2024-02-12,Entregado
PED-10180,CLI-1131,PROD-104,TR-103,Sur,291,30.83,78,2025-09-19,2025-09-24,2025-09-24,Entregado
PED-10181,CLI-1086,PROD-116,TR-104,Oeste,464,17.28,574,2025-12-26,2025-12-30,2025-12-30,Entregado
PED-10182,CLI-1028,PROD-113,TR-103,Sur,633,24.32,102,2026-03-26,2026-03-31,2026-04-01,Entregado
PED-10183,CLI-1148,PROD-118,TR-102,Este,88,25.17,135,2026-01-08,2026-01-12,2026-01-17,Entregado
PED-10184,CLI-1097,PROD-104,TR-102,Este,97,9.0,26,2024-02-02,2024-02-06,2024-02-07,Entregado
PED-10185,CLI-1038,PROD-113,TR-102,Este,422,27.78,306,2025-02-24,2025-02-28,2025-03-01,Entregado
PED-10186,CLI-1132,PROD-106,TR-103,Sur,1734,20.68,559,2025-11-09,2025-11-14,2025-11-14,Entregado
PED-10187,CLI-1136,PROD-110,TR-103,Sur,615,29.8,372,2025-11-23,2025-11-28,2025-11-29,Entregado
PED-10188,CLI-1123,PROD-106,TR-102,Este,1734,27.18,1118,2024-10-12,2024-10-16,2024-10-15,Entregado
PED-10189,CLI-1125,PROD-110,TR-104,Centro,410,11.73,248,2024-12-23,2024-12-27,2024-12-28,Entregado
PED-10190,CLI-1097,PROD-128,TR-104,Este,120,16.12,29,2026-04-18,2026-04-22,2026-04-21,Entregado
PED-10191,CLI-1020,PROD-111,TR-104,Norte,862,30.44,550,2025-11-02,2025-11-06,2025-11-06,Entregado
PED-10192,CLI-1069,PROD-129,TR-103,Este,65,26.25,17,2024-05-20,2024-05-25,2024-05-28,Entregado
PED-10193,CLI-1059,PROD-101,TR-101,Sur,67,28.93,57,2025-02-27,2025-03-02,2025-03-02,Entregado
PED-10194,CLI-1001,PROD-117,TR-102,Oeste,918,13.79,816,2025-02-20,2025-02-24,2025-02-24,Entregado
PED-10195,CLI-1073,PROD-110,TR-103,Este,615,14.65,372,2025-10-23,2025-10-28,2025-10-30,Entregado
PED-10196,CLI-1009,PROD-129,TR-102,Centro,65,29.38,34,2025-03-03,2025-03-07,2025-03-06,Entregado
PED-10197,CLI-1047,PROD-129,TR-103,Norte,195,11.34,51,2026-06-16,2026-06-21,,Cancelado
PED-10198,CLI-1072,PROD-114,TR-104,Oeste,602,13.61,362,2026-06-29,2026-07-03,2026-07-04,Entregado
PED-10199,CLI-1041,PROD-123,TR-104,Sur,459,17.43,834,2025-10-25,2025-10-29,2025-10-28,Entregado
PED-10200,CLI-1075,PROD-118,TR-102,Oeste,176,22.15,90,2024-06-28,2024-07-02,2024-07-03,Entregado
PED-10201,CLI-1024,PROD-105,TR-102,Sur,440,18.66,552,2025-05-03,2025-05-07,2025-05-06,Entregado
PED-10202,CLI-1114,PROD-124,TR-103,Centro,1005,15.43,181,2024-12-03,2024-12-08,2024-12-09,Entregado
PED-10203,CLI-1060,PROD-101,TR-101,Centro,201,32.96,57,2025-04-21,2025-04-24,2025-04-24,Entregado
PED-10204,CLI-1079,PROD-122,TR-101,Centro,420,14.35,321,2025-10-16,2025-10-19,2025-10-19,Entregado
PED-10205,CLI-1034,PROD-115,TR-102,Este,486,27.1,216,2025-04-10,2025-04-14,,Cancelado
PED-10206,CLI-1137,PROD-125,TR-102,Oeste,858,20.34,1653,2026-02-19,2026-02-23,2026-02-24,Entregado
PED-10207,CLI-1019,PROD-129,TR-101,Oeste,65,22.72,51,2024-03-04,2024-03-07,2024-03-08,Entregado
PED-10208,CLI-1133,PROD-114,TR-101,Este,602,32.32,181,2025-11-27,2025-11-30,2025-12-01,Entregado
PED-10209,CLI-1014,PROD-114,TR-102,Norte,301,20.75,543,2025-06-09,2025-06-13,2025-06-14,Entregado
PED-10210,CLI-1005,PROD-112,TR-103,Oeste,642,9.7,106,2026-04-16,2026-04-21,2026-04-24,Entregado
PED-10211,CLI-1016,PROD-117,TR-101,Este,459,19.33,544,2024-03-11,2024-03-14,2024-03-14,Entregado
PED-10212,CLI-1034,PROD-124,TR-104,Este,670,18.45,362,2025-01-18,2025-01-22,2025-01-22,Entregado
PED-10213,CLI-1138,PROD-104,TR-103,Sur,194,11.87,78,2024-05-01,2024-05-06,,Cancelado
PED-10214,CLI-1000,PROD-124,TR-101,Este,1005,22.6,362,2024-11-01,2024-11-04,2024-11-05,Entregado
PED-10215,CLI-1063,PROD-114,TR-103,Centro,301,29.95,181,2024-06-07,2024-06-12,2024-06-13,Entregado
PED-10216,CLI-1004,PROD-107,TR-102,Sur,940,26.31,828,2024-03-09,2024-03-13,,Cancelado
PED-10217,CLI-1062,PROD-123,TR-101,Centro,459,12.21,278,2025-02-15,2025-02-18,,Cancelado
PED-10218,CLI-1059,PROD-126,TR-103,Sur,1704,16.5,562,2025-08-14,2025-08-19,2025-08-20,Entregado
PED-10219,CLI-1133,PROD-107,TR-104,Este,1410,32.66,828,2024-11-03,2024-11-07,2024-11-08,Entregado
PED-10220,CLI-1109,PROD-117,TR-104,Norte,1377,29.32,544,2024-02-18,2024-02-22,2024-02-23,Entregado
PED-10221,CLI-1106,PROD-113,TR-102,Sur,422,31.01,102,2024-11-03,2024-11-07,2024-11-08,Entregado
PED-10222,CLI-1036,PROD-125,TR-104,Este,2574,12.05,1653,2024-02-29,2024-03-04,2024-03-04,Entregado
PED-10223,CLI-1062,PROD-108,TR-102,Centro,168,22.69,25,2024-12-04,2024-12-08,2024-12-08,Entregado
PED-10224,CLI-1048,PROD-101,TR-103,Norte,67,13.49,19,2025-01-21,2025-01-26,2025-01-27,Entregado
PED-10225,CLI-1143,PROD-106,TR-104,Centro,1734,14.11,559,2024-08-01,2024-08-05,2024-08-05,Entregado
PED-10226,CLI-1048,PROD-123,TR-101,Norte,459,24.52,834,2026-02-03,2026-02-06,2026-02-08,Entregado
PED-10227,CLI-1061,PROD-117,TR-103,Este,1377,18.02,816,2026-03-05,2026-03-10,2026-03-10,Entregado
PED-10228,CLI-1066,PROD-111,TR-104,Centro,1724,18.32,550,2025-04-22,2025-04-26,2025-05-01,Entregado
PED-10229,CLI-1144,PROD-127,TR-102,Norte,162,23.85,93,2026-01-29,2026-02-02,2026-02-02,Entregado
PED-10230,CLI-1106,PROD-109,TR-102,Sur,2589,21.73,558,2024-07-19,2024-07-23,2024-07-23,Entregado
PED-10231,CLI-1086,PROD-108,TR-104,Oeste,168,27.92,25,2026-01-10,2026-01-14,2026-01-14,Entregado
PED-10232,CLI-1090,PROD-105,TR-102,Sur,1320,33.87,828,2026-01-07,2026-01-11,2026-01-10,Entregado
PED-10233,CLI-1134,PROD-101,TR-101,Sur,134,30.83,19,2026-04-17,2026-04-20,2026-04-19,Entregado
PED-10234,CLI-1059,PROD-102,TR-102,Sur,1686,24.87,563,2024-01-10,2024-01-14,2024-01-14,Entregado
PED-10235,CLI-1123,PROD-121,TR-104,Este,64,22.53,36,2024-01-17,2024-01-21,2024-01-26,Entregado
PED-10236,CLI-1073,PROD-100,TR-104,Este,57,22.4,12,2026-04-05,2026-04-09,2026-04-08,Entregado
PED-10237,CLI-1061,PROD-106,TR-103,Este,867,33.92,1118,2026-04-14,2026-04-19,2026-04-19,Entregado
PED-10238,CLI-1117,PROD-118,TR-102,Norte,88,34.78,135,2025-12-14,2025-12-18,2025-12-19,Entregado
PED-10239,CLI-1008,PROD-102,TR-104,Centro,843,8.75,1689,2025-01-23,2025-01-27,2025-01-27,Entregado
PED-10240,CLI-1043,PROD-102,TR-104,Centro,2529,32.21,563,2026-05-15,2026-05-19,2026-05-19,Entregado
PED-10241,CLI-1010,PROD-107,TR-102,Oeste,940,9.73,552,2026-06-07,2026-06-11,2026-06-12,Entregado
PED-10242,CLI-1071,PROD-128,TR-101,Este,60,24.06,29,2024-07-02,2024-07-05,2024-07-05,Entregado
PED-10243,CLI-1101,PROD-129,TR-101,Norte,195,26.44,34,2024-11-02,2024-11-05,2024-11-09,Entregado
PED-10244,CLI-1098,PROD-124,TR-102,Sur,335,28.25,543,2026-03-20,2026-03-24,2026-03-25,Entregado
PED-10245,CLI-1025,PROD-113,TR-102,Oeste,422,25.3,102,2026-05-08,2026-05-12,2026-05-17,Entregado
PED-10246,CLI-1115,PROD-115,TR-102,Sur,486,26.51,108,2024-12-30,2025-01-03,2025-01-03,Entregado
PED-10247,CLI-1097,PROD-102,TR-103,Este,843,12.59,1126,2026-03-28,2026-04-02,2026-04-01,Entregado
PED-10248,CLI-1039,PROD-123,TR-104,Centro,459,20.29,556,2024-11-20,2024-11-24,2024-11-23,Entregado
PED-10249,CLI-1069,PROD-103,TR-102,Este,1407,22.08,816,2024-03-30,2024-04-03,2024-04-03,Entregado
PED-10250,CLI-1026,PROD-100,TR-101,Sur,171,31.39,24,2024-12-28,2024-12-31,2025-01-01,Entregado
PED-10251,CLI-1105,PROD-112,TR-101,Sur,642,12.99,318,2026-01-12,2026-01-15,2026-01-14,Entregado
PED-10252,CLI-1097,PROD-105,TR-102,Este,440,12.93,276,2024-10-02,2024-10-06,2024-10-06,Entregado
PED-10253,CLI-1070,PROD-113,TR-103,Sur,422,27.6,102,2025-05-10,2025-05-15,2025-05-15,Entregado
PED-10254,CLI-1126,PROD-119,TR-102,Norte,93,17.3,86,2025-04-13,2025-04-17,2025-04-21,Entregado
PED-10255,CLI-1084,PROD-114,TR-103,Oeste,903,16.46,181,2025-03-16,2025-03-21,2025-03-22,Entregado
PED-10256,CLI-1051,PROD-115,TR-103,Centro,486,26.92,324,2024-06-30,2024-07-05,2024-07-05,Entregado
PED-10257,CLI-1125,PROD-118,TR-102,Centro,176,33.2,45,2024-11-29,2024-12-03,2024-12-03,Entregado
PED-10258,CLI-1051,PROD-118,TR-102,Centro,264,33.49,90,2025-11-29,2025-12-03,2025-12-02,Entregado
PED-10259,CLI-1053,PROD-114,TR-103,Este,903,12.19,362,2026-05-01,2026-05-06,2026-05-06,Entregado
PED-10260,CLI-1077,PROD-107,TR-103,Norte,940,20.4,276,2025-11-05,2025-11-10,2025-11-10,Entregado
PED-10261,CLI-1122,PROD-118,TR-104,Centro,176,9.47,135,2025-07-01,2025-07-05,,Cancelado
PED-10262,CLI-1137,PROD-119,TR-101,Oeste,279,12.91,86,2024-04-21,2024-04-24,2024-04-25,Entregado
PED-10263,CLI-1144,PROD-120,TR-104,Norte,839,11.11,541,2026-02-09,2026-02-13,2026-02-13,Entregado
PED-10264,CLI-1056,PROD-116,TR-102,Este,1392,26.8,861,2025-04-01,2025-04-05,2025-04-05,Entregado
PED-10265,CLI-1038,PROD-111,TR-101,Este,862,30.53,550,2025-05-09,2025-05-12,2025-05-17,Entregado
PED-10266,CLI-1089,PROD-109,TR-103,Este,1726,21.12,1116,2025-04-11,2025-04-16,2025-04-17,Entregado
PED-10267,CLI-1115,PROD-110,TR-101,Sur,205,25.67,248,2024-11-03,2024-11-06,2024-11-08,Entregado
PED-10268,CLI-1042,PROD-129,TR-102,Este,130,19.8,51,2025-06-12,2025-06-16,2025-06-15,Entregado
PED-10269,CLI-1118,PROD-107,TR-104,Norte,1410,18.98,552,2025-10-06,2025-10-10,2025-10-11,Entregado
PED-10270,CLI-1050,PROD-114,TR-104,Este,301,28.44,362,2025-02-02,2025-02-06,2025-02-09,Entregado
PED-10271,CLI-1016,PROD-118,TR-101,Este,176,13.72,90,2026-03-29,2026-04-01,2026-03-31,Entregado
PED-10272,CLI-1029,PROD-108,TR-104,Oeste,252,24.7,50,2025-06-24,2025-06-28,2025-06-28,Entregado
PED-10273,CLI-1029,PROD-111,TR-103,Oeste,2586,29.72,1650,2026-05-15,2026-05-20,2026-05-19,Entregado
PED-10274,CLI-1021,PROD-121,TR-102,Sur,64,18.39,36,2024-11-16,2024-11-20,2024-11-24,Entregado
PED-10275,CLI-1099,PROD-113,TR-102,Oeste,422,22.74,306,2025-08-11,2025-08-15,2025-08-14,Entregado
PED-10276,CLI-1044,PROD-117,TR-102,Norte,918,24.91,544,2025-05-16,2025-05-20,2025-05-19,Entregado
PED-10277,CLI-1091,PROD-100,TR-104,Norte,171,25.81,36,2024-05-19,2024-05-23,2024-05-23,Entregado
PED-10278,CLI-1104,PROD-121,TR-104,Sur,128,10.69,36,2025-03-01,2025-03-05,2025-03-05,Entregado
PED-10279,CLI-1007,PROD-125,TR-102,Este,2574,12.96,1102,2024-10-26,2024-10-30,2024-11-02,Entregado
PED-10280,CLI-1126,PROD-117,TR-101,Norte,918,30.3,816,2025-08-09,2025-08-12,2025-08-19,Entregado
PED-10281,CLI-1112,PROD-117,TR-102,Este,918,20.42,272,2025-03-11,2025-03-15,2025-03-18,Entregado
PED-10282,CLI-1022,PROD-114,TR-101,Norte,903,26.76,543,2026-03-05,2026-03-08,2026-03-08,Entregado
PED-10283,CLI-1109,PROD-105,TR-102,Norte,440,17.8,828,2026-03-14,2026-03-18,2026-03-17,Entregado
PED-10284,CLI-1071,PROD-119,TR-102,Este,186,15.58,129,2024-11-27,2024-12-01,2024-12-01,Entregado
PED-10285,CLI-1131,PROD-128,TR-101,Sur,60,31.48,58,2024-05-18,2024-05-21,2024-05-21,Entregado
PED-10286,CLI-1032,PROD-122,TR-102,Centro,210,18.91,321,2024-09-12,2024-09-16,2024-09-16,Entregado
PED-10287,CLI-1036,PROD-118,TR-103,Este,88,29.56,135,2025-10-04,2025-10-09,2025-10-09,Entregado
PED-10288,CLI-1023,PROD-112,TR-103,Centro,428,17.17,212,2025-12-12,2025-12-17,2025-12-17,Entregado
PED-10289,CLI-1000,PROD-127,TR-101,Este,162,17.99,93,2026-01-18,2026-01-21,2026-01-22,Entregado
PED-10290,CLI-1136,PROD-112,TR-102,Sur,428,30.45,212,2025-03-15,2025-03-19,2025-03-19,Entregado
PED-10291,CLI-1086,PROD-117,TR-102,Oeste,1377,9.72,272,2025-08-02,2025-08-06,2025-08-06,Entregado
PED-10292,CLI-1117,PROD-100,TR-101,Norte,57,13.86,24,2026-05-28,2026-05-31,2026-06-06,Entregado
PED-10293,CLI-1033,PROD-128,TR-103,Oeste,60,18.05,87,2024-06-11,2024-06-16,2024-06-16,Entregado
PED-10294,CLI-1021,PROD-111,TR-102,Sur,2586,28.51,1650,2024-02-23,2024-02-27,2024-02-27,Entregado
PED-10295,CLI-1109,PROD-120,TR-101,Norte,1678,12.02,541,2025-12-21,2025-12-24,2025-12-28,Entregado
PED-10296,CLI-1113,PROD-100,TR-101,Norte,114,12.0,36,2025-12-13,2025-12-16,2025-12-19,Entregado
PED-10297,CLI-1098,PROD-102,TR-101,Sur,843,29.0,1126,2024-04-15,2024-04-18,2024-04-18,Entregado
PED-10298,CLI-1034,PROD-120,TR-102,Este,2517,12.85,1623,2024-03-11,2024-03-15,2024-03-14,Entregado
PED-10299,CLI-1089,PROD-123,TR-102,Este,1377,20.22,834,2025-10-05,2025-10-09,2025-10-09,Entregado
PED-10300,CLI-1055,PROD-102,TR-101,Este,2529,17.82,1126,2024-05-23,2024-05-26,2024-05-27,Entregado
PED-10301,CLI-1035,PROD-107,TR-103,Centro,1410,30.97,276,2025-10-22,2025-10-27,2025-10-31,Entregado
PED-10302,CLI-1077,PROD-106,TR-102,Norte,867,21.61,559,2026-02-04,2026-02-08,2026-02-09,Entregado
PED-10303,CLI-1127,PROD-120,TR-101,Este,1678,12.0,1082,2025-06-24,2025-06-27,2025-06-26,Entregado
PED-10304,CLI-1145,PROD-113,TR-103,Oeste,211,24.07,102,2025-07-13,2025-07-18,2025-07-18,Entregado
PED-10305,CLI-1003,PROD-108,TR-102,Norte,252,25.16,50,2024-02-10,2024-02-14,2024-02-14,Entregado
PED-10306,CLI-1128,PROD-124,TR-104,Este,1005,22.75,543,2025-03-09,2025-03-13,2025-03-12,Entregado
PED-10307,CLI-1039,PROD-108,TR-101,Centro,84,17.16,75,2024-11-13,2024-11-16,2024-11-19,Entregado
PED-10308,CLI-1016,PROD-109,TR-104,Este,863,10.78,558,2026-01-17,2026-01-21,2026-01-20,Entregado
PED-10309,CLI-1111,PROD-103,TR-104,Este,1407,25.94,816,2025-09-18,2025-09-22,2025-09-22,Entregado
PED-10310,CLI-1044,PROD-103,TR-101,Norte,469,33.75,544,2025-12-25,2025-12-28,2025-12-31,Entregado
PED-10311,CLI-1066,PROD-105,TR-103,Centro,1320,28.94,276,2024-05-09,2024-05-14,2024-05-14,Entregado
PED-10312,CLI-1007,PROD-110,TR-104,Este,615,25.13,372,2024-10-05,2024-10-09,2024-10-09,Entregado
PED-10313,CLI-1127,PROD-114,TR-103,Este,301,12.67,362,2024-02-26,2024-03-02,2024-03-03,Entregado
PED-10314,CLI-1146,PROD-121,TR-101,Norte,64,14.98,36,2024-08-21,2024-08-24,2024-08-23,Entregado
PED-10315,CLI-1120,PROD-111,TR-104,Sur,2586,28.13,1650,2024-06-02,2024-06-06,2024-06-05,Entregado
PED-10316,CLI-1107,PROD-107,TR-103,Sur,940,30.39,552,2024-09-11,2024-09-16,2024-09-17,Entregado
PED-10317,CLI-1030,PROD-116,TR-101,Sur,464,10.33,574,2024-07-02,2024-07-05,2024-07-06,Entregado
PED-10318,CLI-1072,PROD-124,TR-103,Oeste,335,13.82,362,2024-12-01,2024-12-06,2024-12-11,Entregado
PED-10319,CLI-1077,PROD-123,TR-102,Norte,459,32.36,834,2025-04-20,2025-04-24,2025-04-24,Entregado
PED-10320,CLI-1062,PROD-104,TR-101,Centro,291,31.75,78,2025-02-23,2025-02-26,,Cancelado
PED-10321,CLI-1000,PROD-124,TR-104,Este,335,22.54,181,2026-05-19,2026-05-23,2026-05-23,Entregado
PED-10322,CLI-1060,PROD-113,TR-104,Centro,633,10.97,204,2024-03-02,2024-03-06,2024-03-05,Entregado
PED-10323,CLI-1059,PROD-128,TR-104,Sur,180,23.89,29,2025-12-18,2025-12-22,2025-12-22,Entregado
PED-10324,CLI-1129,PROD-104,TR-104,Centro,194,34.05,78,2024-03-17,2024-03-21,2024-03-20,Entregado
PED-10325,CLI-1060,PROD-109,TR-103,Centro,2589,17.15,1674,2026-05-21,2026-05-26,2026-05-26,Entregado
PED-10326,CLI-1115,PROD-108,TR-102,Sur,252,12.62,25,2024-03-17,2024-03-21,2024-03-20,Entregado
PED-10327,CLI-1042,PROD-114,TR-104,Este,602,20.48,181,2024-11-17,2024-11-21,2024-11-22,Entregado
PED-10328,CLI-1030,PROD-102,TR-102,Sur,2529,9.57,1689,2026-04-06,2026-04-10,2026-04-11,Entregado
PED-10329,CLI-1083,PROD-104,TR-101,Oeste,194,9.8,78,2025-12-29,2026-01-01,2026-01-01,Entregado
PED-10330,CLI-1076,PROD-108,TR-102,Norte,252,23.08,75,2024-02-01,2024-02-05,2024-02-05,Entregado
PED-10331,CLI-1024,PROD-114,TR-101,Sur,301,30.5,181,2026-04-03,2026-04-06,2026-04-05,Entregado
PED-10332,CLI-1056,PROD-104,TR-102,Este,291,10.73,78,2026-04-23,2026-04-27,2026-04-28,Entregado
PED-10333,CLI-1019,PROD-100,TR-101,Oeste,57,32.48,12,2024-07-21,2024-07-24,2024-07-24,Entregado
PED-10334,CLI-1084,PROD-103,TR-101,Oeste,1407,21.65,544,2025-04-17,2025-04-20,2025-04-25,Entregado
PED-10335,CLI-1109,PROD-105,TR-103,Norte,880,31.91,552,2024-08-07,2024-08-12,2024-08-12,Entregado
PED-10336,CLI-1008,PROD-119,TR-102,Centro,279,10.12,86,2025-10-24,2025-10-28,2025-10-28,Entregado
PED-10337,CLI-1071,PROD-112,TR-102,Este,214,34.84,318,2025-03-05,2025-03-09,2025-03-10,Entregado
PED-10338,CLI-1004,PROD-112,TR-103,Sur,428,21.81,318,2025-05-06,2025-05-11,2025-05-11,Entregado
PED-10339,CLI-1099,PROD-108,TR-102,Oeste,84,10.05,50,2024-01-27,2024-01-31,2024-01-30,Entregado
PED-10340,CLI-1120,PROD-116,TR-103,Sur,464,15.07,287,2026-02-24,2026-03-01,2026-02-28,Entregado
PED-10341,CLI-1061,PROD-108,TR-101,Este,252,17.9,50,2026-02-21,2026-02-24,2026-02-23,Entregado
PED-10342,CLI-1044,PROD-105,TR-102,Norte,1320,32.72,552,2025-08-29,2025-09-02,2025-09-03,Entregado
PED-10343,CLI-1090,PROD-118,TR-102,Sur,264,13.15,90,2025-07-30,2025-08-03,2025-08-03,Entregado
PED-10344,CLI-1009,PROD-102,TR-101,Centro,2529,8.52,1126,2024-08-26,2024-08-29,2024-08-28,Entregado
PED-10345,CLI-1051,PROD-125,TR-102,Centro,858,12.41,551,2024-12-14,2024-12-18,2024-12-18,Entregado
PED-10346,CLI-1036,PROD-124,TR-101,Este,335,27.17,362,2026-05-16,2026-05-19,2026-05-19,Entregado
PED-10347,CLI-1101,PROD-118,TR-101,Norte,88,33.64,135,2024-12-10,2024-12-13,2024-12-17,Entregado
PED-10348,CLI-1124,PROD-120,TR-103,Sur,2517,29.36,1623,2024-06-27,2024-07-02,2024-07-03,Entregado
PED-10349,CLI-1044,PROD-112,TR-103,Norte,214,8.55,318,2026-01-21,2026-01-26,2026-01-25,Entregado
PED-10350,CLI-1146,PROD-112,TR-101,Norte,642,11.26,318,2024-07-05,2024-07-08,2024-07-08,Entregado
PED-10351,CLI-1127,PROD-104,TR-103,Este,194,25.36,26,2026-02-02,2026-02-07,,Cancelado
PED-10352,CLI-1085,PROD-114,TR-101,Norte,602,29.36,362,2024-09-28,2024-10-01,2024-10-04,Entregado
PED-10353,CLI-1012,PROD-112,TR-104,Este,428,31.87,212,2026-01-20,2026-01-24,2026-01-23,Entregado
PED-10354,CLI-1089,PROD-117,TR-104,Este,1377,14.48,816,2024-04-13,2024-04-17,2024-04-18,Entregado
PED-10355,CLI-1008,PROD-109,TR-101,Centro,863,13.01,1116,2024-11-22,2024-11-25,2024-11-24,Entregado
PED-10356,CLI-1096,PROD-105,TR-101,Sur,880,34.61,828,2025-07-14,2025-07-17,2025-07-16,Entregado
PED-10357,CLI-1123,PROD-122,TR-101,Este,630,12.66,214,2025-03-17,2025-03-20,2025-03-19,Entregado
PED-10358,CLI-1025,PROD-110,TR-102,Oeste,615,22.81,372,2024-07-13,2024-07-17,2024-07-18,Entregado
PED-10359,CLI-1076,PROD-107,TR-101,Norte,940,9.94,276,2024-02-20,2024-02-23,2024-03-01,Entregado
PED-10360,CLI-1022,PROD-109,TR-104,Norte,863,16.23,1674,2024-07-23,2024-07-27,2024-07-30,Entregado
PED-10361,CLI-1029,PROD-109,TR-104,Oeste,1726,25.51,558,2025-04-27,2025-05-01,2025-05-02,Entregado
PED-10362,CLI-1094,PROD-128,TR-104,Oeste,120,20.82,58,2025-01-13,2025-01-17,2025-01-16,Entregado
PED-10363,CLI-1057,PROD-126,TR-103,Norte,852,17.61,1686,2025-07-31,2025-08-05,2025-08-07,Entregado
PED-10364,CLI-1058,PROD-117,TR-101,Norte,918,26.71,816,2026-05-10,2026-05-13,,Cancelado
PED-10365,CLI-1146,PROD-128,TR-102,Norte,180,21.81,29,2025-05-02,2025-05-06,2025-05-06,Entregado
PED-10366,CLI-1132,PROD-125,TR-102,Sur,858,34.26,551,2024-05-03,2024-05-07,2024-05-07,Entregado
PED-10367,CLI-1049,PROD-104,TR-101,Oeste,97,12.42,78,2025-03-09,2025-03-12,2025-03-17,Entregado
PED-10368,CLI-1081,PROD-129,TR-101,Oeste,195,31.2,34,2024-03-30,2024-04-02,2024-04-02,Entregado
PED-10369,CLI-1133,PROD-114,TR-101,Este,903,11.48,362,2026-03-16,2026-03-19,2026-03-20,Entregado
PED-10370,CLI-1145,PROD-118,TR-101,Oeste,176,31.82,135,2024-04-18,2024-04-21,2024-04-20,Entregado
PED-10371,CLI-1105,PROD-108,TR-104,Sur,168,13.06,25,2025-11-01,2025-11-05,2025-11-06,Entregado
PED-10372,CLI-1102,PROD-101,TR-104,Norte,67,28.26,19,2026-06-29,2026-07-03,,Cancelado
PED-10373,CLI-1095,PROD-100,TR-103,Sur,114,31.24,24,2026-04-17,2026-04-22,2026-04-22,Entregado
PED-10374,CLI-1025,PROD-127,TR-102,Oeste,108,15.64,62,2024-05-17,2024-05-21,2024-05-22,Entregado
PED-10375,CLI-1022,PROD-106,TR-104,Norte,2601,28.63,1118,2024-08-04,2024-08-08,2024-08-08,Entregado
PED-10376,CLI-1095,PROD-126,TR-101,Sur,1704,21.93,1686,2025-06-11,2025-06-14,2025-06-13,Entregado
PED-10377,CLI-1034,PROD-124,TR-101,Este,335,9.38,181,2024-06-26,2024-06-29,2024-06-28,Entregado
PED-10378,CLI-1012,PROD-129,TR-103,Este,130,19.02,51,2025-12-22,2025-12-27,2025-12-27,Entregado
PED-10379,CLI-1031,PROD-121,TR-101,Norte,128,33.95,36,2024-09-04,2024-09-07,2024-09-14,Entregado
PED-10380,CLI-1141,PROD-111,TR-103,Norte,2586,10.9,1650,2024-06-16,2024-06-21,2024-06-21,Entregado
PED-10381,CLI-1007,PROD-112,TR-101,Este,214,14.47,318,2024-06-15,2024-06-18,2024-06-17,Entregado
PED-10382,CLI-1052,PROD-108,TR-104,Oeste,168,25.66,25,2025-06-09,2025-06-13,2025-06-15,Entregado
PED-10383,CLI-1002,PROD-107,TR-103,Sur,1410,25.53,828,2025-09-14,2025-09-19,2025-09-19,Entregado
PED-10384,CLI-1108,PROD-128,TR-104,Este,60,16.51,58,2026-05-22,2026-05-26,2026-05-26,Entregado
PED-10385,CLI-1133,PROD-126,TR-104,Este,2556,24.23,1686,2025-08-21,2025-08-25,2025-08-29,Entregado
PED-10386,CLI-1027,PROD-115,TR-101,Oeste,486,15.42,216,2024-12-10,2024-12-13,2024-12-14,Entregado
PED-10387,CLI-1076,PROD-106,TR-102,Norte,2601,26.0,1118,2025-06-13,2025-06-17,2025-06-16,Entregado
PED-10388,CLI-1035,PROD-123,TR-101,Centro,918,19.22,556,2025-11-02,2025-11-05,2025-11-05,Entregado
PED-10389,CLI-1009,PROD-118,TR-102,Centro,264,25.42,135,2024-12-17,2024-12-21,2024-12-20,Entregado
PED-10390,CLI-1121,PROD-129,TR-103,Oeste,195,13.3,51,2025-06-03,2025-06-08,2025-06-07,Entregado
PED-10391,CLI-1024,PROD-115,TR-102,Sur,243,32.34,324,2026-01-28,2026-02-01,2026-02-02,Entregado
PED-10392,CLI-1056,PROD-111,TR-102,Este,1724,15.4,1100,2026-02-01,2026-02-05,2026-02-05,Entregado
PED-10393,CLI-1075,PROD-114,TR-101,Oeste,602,21.76,181,2025-04-26,2025-04-29,,Cancelado
PED-10394,CLI-1097,PROD-116,TR-103,Este,464,17.58,287,2025-02-27,2025-03-04,,Cancelado
PED-10395,CLI-1117,PROD-104,TR-103,Norte,194,25.22,52,2026-06-02,2026-06-07,2026-06-06,Entregado
PED-10396,CLI-1045,PROD-110,TR-101,Centro,205,28.76,372,2024-01-05,2024-01-08,2024-01-07,Entregado
PED-10397,CLI-1125,PROD-125,TR-101,Centro,1716,19.87,1102,2024-05-12,2024-05-15,2024-05-16,Entregado
PED-10398,CLI-1001,PROD-101,TR-102,Oeste,134,13.55,57,2026-01-18,2026-01-22,2026-01-21,Entregado
PED-10399,CLI-1001,PROD-120,TR-102,Oeste,1678,11.22,541,2024-08-19,2024-08-23,2024-08-23,Entregado
PED-10400,CLI-1128,PROD-118,TR-103,Este,176,20.58,90,2024-06-20,2024-06-25,2024-06-27,Entregado
PED-10401,CLI-1134,PROD-110,TR-104,Sur,410,18.02,248,2026-06-28,2026-07-02,2026-07-01,Entregado
PED-10402,CLI-1048,PROD-105,TR-104,Norte,440,27.95,276,2024-01-20,2024-01-24,2024-01-25,Entregado
PED-10403,CLI-1043,PROD-103,TR-103,Centro,938,15.28,816,2025-12-29,2026-01-03,2026-01-02,Entregado
PED-10404,CLI-1136,PROD-119,TR-101,Sur,93,30.66,129,2025-08-31,2025-09-03,2025-09-04,Entregado
PED-10405,CLI-1029,PROD-113,TR-104,Oeste,422,12.56,306,2025-01-24,2025-01-28,2025-01-28,Entregado
PED-10406,CLI-1002,PROD-109,TR-104,Sur,2589,27.07,1674,2025-11-08,2025-11-12,2025-11-16,Entregado
PED-10407,CLI-1026,PROD-116,TR-101,Sur,928,24.64,287,2024-10-16,2024-10-19,2024-10-21,Entregado
PED-10408,CLI-1133,PROD-106,TR-103,Este,867,21.65,1677,2025-12-21,2025-12-26,2025-12-25,Entregado
PED-10409,CLI-1053,PROD-122,TR-104,Este,630,32.53,107,2024-12-04,2024-12-08,2024-12-07,Entregado
PED-10410,CLI-1146,PROD-121,TR-104,Norte,64,27.67,108,2024-06-01,2024-06-05,,Cancelado
PED-10411,CLI-1059,PROD-114,TR-103,Sur,301,31.08,181,2024-09-27,2024-10-02,2024-10-01,Entregado
PED-10412,CLI-1092,PROD-125,TR-103,Oeste,858,31.08,551,2025-03-12,2025-03-17,2025-03-16,Entregado
PED-10413,CLI-1043,PROD-110,TR-103,Centro,615,18.37,124,2025-03-24,2025-03-29,2025-03-29,Entregado
PED-10414,CLI-1087,PROD-105,TR-101,Sur,880,26.78,552,2025-02-14,2025-02-17,2025-02-17,Entregado
PED-10415,CLI-1122,PROD-125,TR-104,Centro,858,26.95,551,2025-10-26,2025-10-30,2025-10-29,Entregado
PED-10416,CLI-1015,PROD-127,TR-102,Centro,108,26.48,93,2024-04-16,2024-04-20,2024-04-21,Entregado
PED-10417,CLI-1097,PROD-124,TR-103,Este,670,11.49,362,2025-09-18,2025-09-23,2025-09-26,Entregado
PED-10418,CLI-1011,PROD-102,TR-103,Oeste,2529,28.84,1689,2025-11-01,2025-11-06,2025-11-07,Entregado
PED-10419,CLI-1144,PROD-107,TR-103,Norte,1410,19.97,276,2025-06-15,2025-06-20,2025-06-21,Entregado
PED-10420,CLI-1123,PROD-111,TR-104,Este,2586,8.81,550,2024-06-01,2024-06-05,,Cancelado
PED-10421,CLI-1129,PROD-127,TR-104,Centro,54,17.0,62,2026-05-22,2026-05-26,2026-05-25,Entregado
PED-10422,CLI-1084,PROD-108,TR-101,Oeste,168,30.15,50,2025-06-03,2025-06-06,2025-06-07,Entregado
PED-10423,CLI-1113,PROD-125,TR-104,Norte,1716,34.49,551,2024-03-31,2024-04-04,2024-04-04,Entregado
PED-10424,CLI-1004,PROD-103,TR-104,Sur,469,34.02,816,2025-02-26,2025-03-02,2025-03-04,Entregado
PED-10425,CLI-1130,PROD-117,TR-102,Centro,918,30.14,272,2025-11-01,2025-11-05,2025-11-05,Entregado
PED-10426,CLI-1116,PROD-110,TR-104,Centro,410,11.08,124,2026-01-03,2026-01-07,2026-01-08,Entregado
PED-10427,CLI-1000,PROD-110,TR-103,Este,615,18.41,372,2026-04-29,2026-05-04,2026-05-04,Entregado
PED-10428,CLI-1027,PROD-101,TR-102,Oeste,201,19.34,57,2025-05-19,2025-05-23,2025-05-24,Entregado
PED-10429,CLI-1050,PROD-106,TR-101,Este,867,17.46,1677,2026-05-22,2026-05-25,2026-05-25,Entregado
PED-10430,CLI-1106,PROD-101,TR-101,Sur,201,33.84,57,2026-03-01,2026-03-04,2026-03-04,Entregado
PED-10431,CLI-1034,PROD-115,TR-101,Este,486,21.3,324,2025-06-27,2025-06-30,2025-07-01,Entregado
PED-10432,CLI-1045,PROD-122,TR-102,Centro,420,24.41,321,2026-01-18,2026-01-22,2026-01-21,Entregado
PED-10433,CLI-1082,PROD-116,TR-104,Centro,464,19.04,574,2025-03-04,2025-03-08,2025-03-09,Entregado
PED-10434,CLI-1075,PROD-114,TR-102,Oeste,903,16.42,543,2024-05-21,2024-05-25,2024-05-26,Entregado
PED-10435,CLI-1080,PROD-122,TR-102,Norte,420,17.65,321,2024-07-24,2024-07-28,2024-07-29,Entregado
PED-10436,CLI-1045,PROD-116,TR-103,Centro,1392,23.94,574,2025-12-28,2026-01-02,,Cancelado
PED-10437,CLI-1106,PROD-121,TR-103,Sur,192,9.17,36,2026-06-17,2026-06-22,2026-06-21,Entregado
PED-10438,CLI-1037,PROD-101,TR-101,Sur,134,15.14,57,2024-07-23,2024-07-26,2024-07-25,Entregado
PED-10439,CLI-1015,PROD-122,TR-103,Centro,420,11.22,214,2024-07-27,2024-08-01,2024-07-31,Entregado
PED-10440,CLI-1143,PROD-127,TR-102,Centro,54,29.28,93,2026-01-30,2026-02-03,2026-02-03,Entregado
PED-10441,CLI-1073,PROD-122,TR-101,Este,420,9.93,321,2025-01-25,2025-01-28,2025-01-29,Entregado
PED-10442,CLI-1051,PROD-119,TR-104,Centro,279,25.66,129,2026-04-29,2026-05-03,2026-05-04,Entregado
PED-10443,CLI-1139,PROD-123,TR-102,Oeste,918,13.2,556,2026-03-05,2026-03-09,2026-03-08,Entregado
PED-10444,CLI-1019,PROD-105,TR-102,Oeste,440,15.9,552,2026-01-22,2026-01-26,2026-01-26,Entregado
PED-10445,CLI-1067,PROD-104,TR-102,Este,194,27.31,52,2025-08-21,2025-08-25,2025-08-24,Entregado
PED-10446,CLI-1039,PROD-101,TR-102,Centro,201,16.48,57,2024-11-26,2024-11-30,2024-12-01,Entregado
PED-10447,CLI-1140,PROD-111,TR-101,Oeste,862,22.3,550,2026-03-13,2026-03-16,2026-03-17,Entregado
PED-10448,CLI-1040,PROD-113,TR-104,Este,633,17.27,204,2024-04-04,2024-04-08,2024-04-07,Entregado
PED-10449,CLI-1075,PROD-106,TR-104,Oeste,867,26.23,559,2025-07-28,2025-08-01,2025-08-02,Entregado
PED-10450,CLI-1062,PROD-101,TR-103,Centro,134,22.82,38,2025-01-25,2025-01-30,2025-01-29,Entregado
PED-10451,CLI-1072,PROD-100,TR-103,Oeste,114,16.36,12,2025-06-10,2025-06-15,2025-06-15,Entregado
PED-10452,CLI-1049,PROD-110,TR-101,Oeste,615,25.11,124,2024-04-08,2024-04-11,2024-04-12,Entregado
PED-10453,CLI-1054,PROD-127,TR-104,Norte,162,28.29,31,2026-05-05,2026-05-09,2026-05-14,Entregado
PED-10454,CLI-1117,PROD-122,TR-103,Norte,210,23.29,214,2024-02-08,2024-02-13,2024-02-15,Entregado
PED-10455,CLI-1058,PROD-129,TR-103,Norte,130,16.88,34,2025-02-21,2025-02-26,2025-02-27,Entregado
PED-10456,CLI-1030,PROD-117,TR-101,Sur,1377,9.71,816,2025-10-18,2025-10-21,2025-10-20,Entregado
PED-10457,CLI-1018,PROD-111,TR-101,Este,2586,15.96,550,2024-10-23,2024-10-26,2024-10-26,Entregado
PED-10458,CLI-1112,PROD-112,TR-104,Este,214,14.33,318,2026-04-21,2026-04-25,2026-04-25,Entregado
PED-10459,CLI-1100,PROD-125,TR-103,Oeste,2574,18.39,1653,2025-10-11,2025-10-16,,Cancelado
PED-10460,CLI-1141,PROD-127,TR-102,Norte,162,33.59,93,2024-05-06,2024-05-10,2024-05-15,Entregado
PED-10461,CLI-1088,PROD-106,TR-104,Sur,867,14.35,559,2025-10-23,2025-10-27,2025-10-26,Entregado
PED-10462,CLI-1064,PROD-106,TR-101,Oeste,867,20.72,1677,2024-07-04,2024-07-07,2024-07-08,Entregado
PED-10463,CLI-1074,PROD-121,TR-101,Sur,128,11.9,72,2024-09-13,2024-09-16,2024-09-21,Entregado
PED-10464,CLI-1025,PROD-109,TR-101,Oeste,1726,25.97,1674,2024-07-17,2024-07-20,2024-07-20,Entregado
PED-10465,CLI-1149,PROD-104,TR-103,Sur,97,16.8,26,2026-04-07,2026-04-12,2026-04-12,Entregado
PED-10466,CLI-1056,PROD-122,TR-104,Este,630,17.29,321,2024-10-10,2024-10-14,2024-10-13,Entregado
PED-10467,CLI-1122,PROD-114,TR-104,Centro,903,13.16,181,2025-01-02,2025-01-06,2025-01-06,Entregado
PED-10468,CLI-1020,PROD-126,TR-103,Norte,852,27.94,1124,2026-05-29,2026-06-03,2026-06-04,Entregado
PED-10469,CLI-1019,PROD-128,TR-101,Oeste,180,19.24,87,2026-05-19,2026-05-22,2026-05-21,Entregado
PED-10470,CLI-1054,PROD-129,TR-101,Norte,130,29.04,51,2025-07-18,2025-07-21,2025-07-28,Entregado
PED-10471,CLI-1057,PROD-128,TR-103,Norte,60,18.14,58,2024-05-17,2024-05-22,2024-05-23,Entregado
PED-10472,CLI-1061,PROD-127,TR-102,Este,54,23.51,31,2026-02-14,2026-02-18,2026-02-18,Entregado
PED-10473,CLI-1144,PROD-121,TR-102,Norte,64,28.68,36,2026-01-23,2026-01-27,2026-01-27,Entregado
PED-10474,CLI-1059,PROD-102,TR-103,Sur,843,32.55,1689,2025-01-13,2025-01-18,2025-01-19,Entregado
PED-10475,CLI-1120,PROD-129,TR-104,Sur,65,34.16,51,2026-06-21,2026-06-25,2026-06-29,Entregado
PED-10476,CLI-1070,PROD-126,TR-103,Sur,1704,18.53,1686,2025-08-15,2025-08-20,2025-08-19,Entregado
PED-10477,CLI-1019,PROD-116,TR-103,Oeste,1392,17.85,574,2025-01-20,2025-01-25,2025-01-24,Entregado
PED-10478,CLI-1088,PROD-115,TR-104,Sur,243,12.89,216,2026-06-27,2026-07-01,2026-07-02,Entregado
PED-10479,CLI-1071,PROD-106,TR-102,Este,2601,26.02,559,2024-07-10,2024-07-14,2024-07-15,Entregado
PED-10480,CLI-1084,PROD-123,TR-101,Oeste,459,12.77,834,2025-05-08,2025-05-11,2025-05-11,Entregado
PED-10481,CLI-1105,PROD-100,TR-102,Sur,57,25.18,12,2024-02-14,2024-02-18,2024-02-19,Entregado
PED-10482,CLI-1146,PROD-104,TR-101,Norte,291,24.38,52,2024-06-19,2024-06-22,2024-06-26,Entregado
PED-10483,CLI-1004,PROD-128,TR-103,Sur,120,13.02,58,2024-03-28,2024-04-02,2024-04-03,Entregado
PED-10484,CLI-1036,PROD-125,TR-102,Este,858,26.67,1653,2025-09-30,2025-10-04,2025-10-04,Entregado
PED-10485,CLI-1116,PROD-119,TR-101,Centro,93,13.86,43,2024-08-23,2024-08-26,2024-08-25,Entregado
PED-10486,CLI-1129,PROD-121,TR-104,Centro,64,32.39,72,2026-04-26,2026-04-30,2026-04-29,Entregado
PED-10487,CLI-1009,PROD-128,TR-101,Centro,180,30.43,87,2024-04-05,2024-04-08,2024-04-07,Entregado
PED-10488,CLI-1110,PROD-116,TR-104,Sur,1392,14.58,574,2025-01-14,2025-01-18,2025-01-19,Entregado
PED-10489,CLI-1097,PROD-111,TR-101,Este,862,16.01,550,2025-03-11,2025-03-14,2025-03-14,Entregado
PED-10490,CLI-1139,PROD-113,TR-103,Oeste,633,11.62,306,2024-07-12,2024-07-17,2024-07-19,Entregado
PED-10491,CLI-1052,PROD-122,TR-103,Oeste,420,24.01,321,2025-02-22,2025-02-27,2025-02-26,Entregado
PED-10492,CLI-1066,PROD-127,TR-104,Centro,162,28.51,62,2025-08-01,2025-08-05,2025-08-05,Entregado
PED-10493,CLI-1105,PROD-117,TR-104,Sur,918,34.7,544,2024-07-02,2024-07-06,2024-07-07,Entregado
PED-10494,CLI-1101,PROD-123,TR-102,Norte,1377,20.33,278,2026-05-25,2026-05-29,2026-05-28,Entregado
PED-10495,CLI-1041,PROD-103,TR-102,Sur,1407,26.97,816,2025-06-04,2025-06-08,2025-06-08,Entregado
PED-10496,CLI-1013,PROD-105,TR-104,Centro,440,33.04,552,2025-10-13,2025-10-17,2025-10-19,Entregado
PED-10497,CLI-1016,PROD-108,TR-102,Este,252,33.16,50,2025-01-14,2025-01-18,2025-01-20,Entregado
PED-10498,CLI-1133,PROD-109,TR-101,Este,1726,8.78,1116,2026-03-03,2026-03-06,,Cancelado
PED-10499,CLI-1132,PROD-109,TR-102,Sur,2589,14.64,1674,2024-02-04,2024-02-08,2024-02-09,Entregado
PED-10500,CLI-1009,PROD-111,TR-102,Centro,862,29.16,1100,2025-11-01,2025-11-05,2025-11-08,Entregado
PED-10501,CLI-1101,PROD-112,TR-102,Norte,214,16.04,318,2025-06-14,2025-06-18,2025-06-20,Entregado
PED-10502,CLI-1149,PROD-111,TR-103,Sur,862,33.14,1100,2026-04-15,2026-04-20,2026-04-21,Entregado
PED-10503,CLI-1066,PROD-105,TR-104,Centro,1320,17.51,552,2025-06-02,2025-06-06,2025-06-08,Entregado
PED-10504,CLI-1131,PROD-108,TR-103,Sur,252,28.9,50,2025-12-11,2025-12-16,2025-12-16,Entregado
PED-10505,CLI-1086,PROD-124,TR-104,Oeste,335,11.58,362,2025-11-28,2025-12-02,2025-12-03,Entregado
PED-10506,CLI-1056,PROD-121,TR-102,Este,192,8.76,108,2026-03-30,2026-04-03,2026-04-03,Entregado
PED-10507,CLI-1067,PROD-107,TR-103,Este,940,23.2,276,2024-04-05,2024-04-10,2024-04-11,Entregado
PED-10508,CLI-1080,PROD-111,TR-102,Norte,2586,21.72,550,2025-08-10,2025-08-14,2025-08-15,Entregado
PED-10509,CLI-1061,PROD-127,TR-103,Este,162,12.63,62,2024-07-30,2024-08-04,2024-08-03,Entregado
PED-10510,CLI-1027,PROD-103,TR-101,Oeste,1407,28.75,272,2025-11-23,2025-11-26,2025-11-26,Entregado
PED-10511,CLI-1138,PROD-101,TR-104,Sur,201,21.51,38,2025-01-15,2025-01-19,2025-01-19,Entregado
PED-10512,CLI-1130,PROD-108,TR-104,Centro,84,29.68,75,2024-08-15,2024-08-19,2024-08-18,Entregado
PED-10513,CLI-1122,PROD-117,TR-101,Centro,459,34.38,544,2025-05-29,2025-06-01,2025-06-02,Entregado
PED-10514,CLI-1117,PROD-110,TR-101,Norte,615,17.12,124,2024-01-13,2024-01-16,2024-01-18,Entregado
PED-10515,CLI-1066,PROD-105,TR-103,Centro,880,13.37,552,2024-08-30,2024-09-04,2024-09-05,Entregado
PED-10516,CLI-1107,PROD-122,TR-103,Sur,420,23.64,107,2025-01-08,2025-01-13,2025-01-13,Entregado
PED-10517,CLI-1147,PROD-121,TR-102,Oeste,64,19.95,108,2026-04-13,2026-04-17,2026-04-21,Entregado
PED-10518,CLI-1037,PROD-125,TR-102,Sur,1716,12.06,1102,2025-04-29,2025-05-03,2025-05-02,Entregado
PED-10519,CLI-1132,PROD-117,TR-103,Sur,1377,9.76,816,2026-03-15,2026-03-20,2026-03-20,Entregado
PED-10520,CLI-1025,PROD-122,TR-102,Oeste,420,11.05,321,2024-03-02,2024-03-06,2024-03-06,Entregado
PED-10521,CLI-1085,PROD-108,TR-103,Norte,168,19.41,25,2025-01-03,2025-01-08,2025-01-08,Entregado
PED-10522,CLI-1089,PROD-127,TR-102,Este,162,34.45,31,2025-08-13,2025-08-17,2025-08-18,Entregado
PED-10523,CLI-1083,PROD-121,TR-104,Oeste,128,16.09,108,2026-03-04,2026-03-08,2026-03-07,Entregado
PED-10524,CLI-1037,PROD-127,TR-102,Sur,108,24.73,93,2025-10-17,2025-10-21,2025-10-21,Entregado
PED-10525,CLI-1103,PROD-127,TR-101,Oeste,108,25.8,62,2024-03-22,2024-03-25,2024-03-24,Entregado
PED-10526,CLI-1068,PROD-119,TR-104,Este,279,22.3,129,2024-10-04,2024-10-08,2024-10-08,Entregado
PED-10527,CLI-1115,PROD-113,TR-102,Sur,633,26.04,102,2024-07-07,2024-07-11,2024-07-10,Entregado
PED-10528,CLI-1020,PROD-106,TR-102,Norte,1734,9.93,1677,2025-02-10,2025-02-14,2025-02-16,Entregado
PED-10529,CLI-1134,PROD-124,TR-101,Sur,335,33.19,543,2024-04-16,2024-04-19,2024-04-18,Entregado
PED-10530,CLI-1099,PROD-109,TR-102,Oeste,2589,11.98,558,2024-09-10,2024-09-14,2024-09-14,Entregado
PED-10531,CLI-1043,PROD-100,TR-101,Centro,114,34.34,24,2025-11-10,2025-11-13,2025-11-13,Entregado
PED-10532,CLI-1138,PROD-129,TR-103,Sur,195,24.16,17,2025-07-15,2025-07-20,2025-07-21,Entregado
PED-10533,CLI-1144,PROD-113,TR-103,Norte,211,16.66,204,2024-12-21,2024-12-26,2024-12-25,Entregado
PED-10534,CLI-1105,PROD-108,TR-102,Sur,168,20.93,50,2024-11-06,2024-11-10,2024-11-13,Entregado
PED-10535,CLI-1125,PROD-124,TR-104,Centro,670,14.63,543,2024-11-02,2024-11-06,2024-11-11,Entregado
PED-10536,CLI-1095,PROD-106,TR-104,Sur,867,27.45,559,2026-06-22,2026-06-26,2026-06-26,Entregado
PED-10537,CLI-1099,PROD-126,TR-104,Oeste,2556,22.19,562,2024-08-13,2024-08-17,2024-08-17,Entregado
PED-10538,CLI-1069,PROD-109,TR-103,Este,863,16.17,558,2025-02-26,2025-03-03,2025-03-02,Entregado
PED-10539,CLI-1116,PROD-119,TR-104,Centro,93,9.01,86,2024-10-05,2024-10-09,2024-10-09,Entregado
PED-10540,CLI-1012,PROD-117,TR-101,Este,918,27.45,272,2024-07-09,2024-07-12,2024-07-12,Entregado
PED-10541,CLI-1002,PROD-107,TR-101,Sur,940,16.76,552,2024-06-03,2024-06-06,2024-06-09,Entregado
PED-10542,CLI-1095,PROD-114,TR-101,Sur,301,29.05,362,2024-12-04,2024-12-07,2024-12-10,Entregado
PED-10543,CLI-1120,PROD-105,TR-102,Sur,440,34.33,276,2026-05-11,2026-05-15,2026-05-15,Entregado
PED-10544,CLI-1063,PROD-112,TR-104,Centro,214,27.99,212,2024-09-10,2024-09-14,2024-09-13,Entregado
PED-10545,CLI-1024,PROD-116,TR-102,Sur,928,25.17,287,2025-04-29,2025-05-03,2025-05-03,Entregado
PED-10546,CLI-1010,PROD-123,TR-101,Oeste,459,32.02,556,2024-09-16,2024-09-19,2024-09-19,Entregado
PED-10547,CLI-1055,PROD-103,TR-102,Este,469,23.99,544,2025-10-10,2025-10-14,2025-10-13,Entregado
PED-10548,CLI-1101,PROD-125,TR-102,Norte,2574,26.74,1102,2024-01-10,2024-01-14,2024-01-15,Entregado
PED-10549,CLI-1022,PROD-107,TR-102,Norte,1410,10.08,276,2025-05-26,2025-05-30,2025-06-03,Entregado
PED-10550,CLI-1137,PROD-125,TR-101,Oeste,2574,28.55,1653,2024-05-08,2024-05-11,2024-05-11,Entregado
PED-10551,CLI-1112,PROD-123,TR-102,Este,1377,15.14,278,2024-01-22,2024-01-26,2024-01-26,Entregado
PED-10552,CLI-1010,PROD-115,TR-104,Oeste,486,23.52,108,2025-07-26,2025-07-30,2025-07-31,Entregado
PED-10553,CLI-1082,PROD-123,TR-104,Centro,1377,10.33,278,2024-10-08,2024-10-12,2024-10-13,Entregado
PED-10554,CLI-1075,PROD-126,TR-103,Oeste,2556,18.54,1686,2025-07-08,2025-07-13,2025-07-12,Entregado
PED-10555,CLI-1047,PROD-128,TR-101,Norte,120,10.18,87,2025-09-26,2025-09-29,2025-09-29,Entregado
PED-10556,CLI-1137,PROD-126,TR-104,Oeste,2556,24.75,562,2024-07-13,2024-07-17,2024-07-17,Entregado
PED-10557,CLI-1082,PROD-113,TR-103,Centro,211,13.23,102,2024-04-23,2024-04-28,2024-04-30,Entregado
PED-10558,CLI-1027,PROD-115,TR-102,Oeste,729,22.43,216,2024-04-11,2024-04-15,2024-04-20,Entregado
PED-10559,CLI-1065,PROD-101,TR-103,Oeste,67,25.88,19,2024-08-14,2024-08-19,2024-08-18,Entregado
PED-10560,CLI-1020,PROD-114,TR-101,Norte,602,10.04,543,2025-01-04,2025-01-07,2025-01-09,Entregado
PED-10561,CLI-1135,PROD-101,TR-101,Sur,201,11.18,19,2026-05-04,2026-05-07,2026-05-06,Entregado
PED-10562,CLI-1059,PROD-117,TR-104,Sur,459,25.07,816,2024-07-13,2024-07-17,2024-07-18,Entregado
PED-10563,CLI-1142,PROD-113,TR-101,Norte,633,27.12,204,2026-02-23,2026-02-26,2026-02-27,Entregado
PED-10564,CLI-1026,PROD-105,TR-102,Sur,1320,22.65,276,2025-07-17,2025-07-21,2025-07-21,Entregado
PED-10565,CLI-1113,PROD-129,TR-103,Norte,130,28.75,34,2024-11-18,2024-11-23,2024-11-23,Entregado
PED-10566,CLI-1110,PROD-126,TR-103,Sur,852,28.79,1124,2025-09-15,2025-09-20,,Cancelado
PED-10567,CLI-1065,PROD-111,TR-104,Oeste,2586,34.55,550,2025-04-03,2025-04-07,2025-04-06,Entregado
PED-10568,CLI-1004,PROD-116,TR-102,Sur,464,31.18,287,2026-06-30,2026-07-04,2026-07-04,Entregado
PED-10569,CLI-1005,PROD-124,TR-103,Oeste,1005,11.0,181,2025-07-20,2025-07-25,2025-07-26,Entregado
PED-10570,CLI-1039,PROD-104,TR-103,Centro,97,29.99,52,2025-01-10,2025-01-15,2025-01-14,Entregado
PED-10571,CLI-1023,PROD-118,TR-104,Centro,88,17.1,135,2025-08-05,2025-08-09,2025-08-10,Entregado
PED-10572,CLI-1124,PROD-126,TR-101,Sur,2556,18.61,1686,2025-09-01,2025-09-04,2025-09-03,Entregado
PED-10573,CLI-1014,PROD-129,TR-103,Norte,130,31.55,17,2024-12-22,2024-12-27,2024-12-27,Entregado
PED-10574,CLI-1058,PROD-123,TR-101,Norte,459,22.4,556,2025-10-11,2025-10-14,2025-10-16,Entregado
PED-10575,CLI-1144,PROD-104,TR-103,Norte,97,27.89,78,2025-05-29,2025-06-03,2025-06-02,Entregado
PED-10576,CLI-1100,PROD-114,TR-101,Oeste,301,17.41,181,2024-08-15,2024-08-18,2024-08-18,Entregado
PED-10577,CLI-1121,PROD-118,TR-101,Oeste,176,20.01,135,2025-07-15,2025-07-18,2025-07-17,Entregado
PED-10578,CLI-1033,PROD-124,TR-102,Oeste,670,23.64,543,2025-05-07,2025-05-11,2025-05-11,Entregado
PED-10579,CLI-1143,PROD-119,TR-102,Centro,186,32.99,129,2024-09-05,2024-09-09,2024-09-14,Entregado
PED-10580,CLI-1105,PROD-113,TR-103,Sur,633,9.14,306,2024-12-22,2024-12-27,2024-12-27,Entregado
PED-10581,CLI-1078,PROD-105,TR-103,Este,1320,20.17,276,2025-09-23,2025-09-28,2025-09-28,Entregado
PED-10582,CLI-1059,PROD-106,TR-103,Sur,867,9.95,1677,2024-06-08,2024-06-13,2024-06-12,Entregado
PED-10583,CLI-1037,PROD-127,TR-103,Sur,108,20.99,62,2024-01-15,2024-01-20,2024-01-19,Entregado
PED-10584,CLI-1084,PROD-106,TR-102,Oeste,2601,25.01,1118,2024-07-27,2024-07-31,2024-07-31,Entregado
PED-10585,CLI-1036,PROD-122,TR-101,Este,630,15.27,107,2025-01-20,2025-01-23,2025-01-24,Entregado
PED-10586,CLI-1051,PROD-125,TR-103,Centro,858,26.0,1102,2024-02-24,2024-02-29,2024-02-28,Entregado
PED-10587,CLI-1092,PROD-127,TR-101,Oeste,108,34.46,31,2024-01-20,2024-01-23,2024-01-24,Entregado
PED-10588,CLI-1025,PROD-128,TR-103,Oeste,60,13.77,29,2025-05-11,2025-05-16,,Cancelado
PED-10589,CLI-1143,PROD-129,TR-101,Centro,130,21.48,34,2024-02-10,2024-02-13,2024-02-14,Entregado
PED-10590,CLI-1004,PROD-111,TR-103,Sur,2586,30.02,1100,2024-12-29,2025-01-03,2025-01-02,Entregado
PED-10591,CLI-1065,PROD-128,TR-104,Oeste,180,14.48,58,2026-06-30,2026-07-04,2026-07-03,Entregado
PED-10592,CLI-1087,PROD-128,TR-104,Sur,120,33.96,87,2025-11-03,2025-11-07,2025-11-08,Entregado
PED-10593,CLI-1058,PROD-113,TR-102,Norte,633,20.4,204,2025-08-09,2025-08-13,2025-08-13,Entregado
PED-10594,CLI-1033,PROD-106,TR-102,Oeste,867,26.75,1118,2025-08-17,2025-08-21,2025-08-20,Entregado
PED-10595,CLI-1134,PROD-129,TR-102,Sur,195,32.8,51,2025-03-16,2025-03-20,2025-03-19,Entregado
PED-10596,CLI-1081,PROD-102,TR-101,Oeste,2529,28.78,563,2024-07-07,2024-07-10,2024-07-09,Entregado
PED-10597,CLI-1105,PROD-113,TR-103,Sur,633,12.53,204,2025-03-29,2025-04-03,2025-04-04,Entregado
PED-10598,CLI-1033,PROD-105,TR-101,Oeste,880,23.53,828,2026-02-19,2026-02-22,2026-02-23,Entregado
PED-10599,CLI-1059,PROD-107,TR-101,Sur,470,30.92,828,2025-01-02,2025-01-05,2025-01-10,Entregado
PED-10600,CLI-1095,PROD-105,TR-104,Sur,440,9.35,276,2025-05-18,2025-05-22,2025-05-21,Entregado
PED-10601,CLI-1003,PROD-129,TR-103,Norte,65,10.25,17,2025-02-26,2025-03-03,,Cancelado
PED-10602,CLI-1112,PROD-127,TR-104,Este,54,19.23,62,2025-12-05,2025-12-09,2025-12-09,Entregado
PED-10603,CLI-1010,PROD-119,TR-104,Oeste,279,24.24,129,2026-01-07,2026-01-11,2026-01-12,Entregado
PED-10604,CLI-1009,PROD-116,TR-101,Centro,464,22.75,861,2025-04-07,2025-04-10,2025-04-09,Entregado
PED-10605,CLI-1010,PROD-117,TR-104,Oeste,459,20.15,544,2025-06-12,2025-06-16,2025-06-15,Entregado
PED-10606,CLI-1077,PROD-124,TR-103,Norte,1005,26.78,181,2025-04-17,2025-04-22,2025-04-22,Entregado
PED-10607,CLI-1036,PROD-114,TR-104,Este,301,33.35,543,2024-04-02,2024-04-06,2024-04-05,Entregado
PED-10608,CLI-1139,PROD-104,TR-104,Oeste,97,24.14,52,2025-02-27,2025-03-03,2025-03-02,Entregado
PED-10609,CLI-1051,PROD-128,TR-104,Centro,180,29.61,87,2024-04-02,2024-04-06,2024-04-07,Entregado
PED-10610,CLI-1031,PROD-102,TR-101,Norte,843,27.24,1689,2025-12-24,2025-12-27,2025-12-28,Entregado
PED-10611,CLI-1130,PROD-119,TR-102,Centro,93,23.49,86,2025-01-22,2025-01-26,2025-01-25,Entregado
PED-10612,CLI-1038,PROD-105,TR-102,Este,880,16.7,552,2024-07-02,2024-07-06,2024-07-05,Entregado
PED-10613,CLI-1114,PROD-109,TR-102,Centro,863,28.78,1674,2024-04-30,2024-05-04,2024-05-03,Entregado
PED-10614,CLI-1003,PROD-114,TR-104,Norte,903,14.8,362,2026-05-25,2026-05-29,2026-05-28,Entregado
PED-10615,CLI-1121,PROD-114,TR-104,Oeste,301,15.87,543,2025-03-28,2025-04-01,2025-04-03,Entregado
PED-10616,CLI-1053,PROD-101,TR-102,Este,67,31.13,19,2024-05-31,2024-06-04,2024-06-08,Entregado
PED-10617,CLI-1076,PROD-110,TR-101,Norte,205,16.04,372,2024-02-20,2024-02-23,2024-02-27,Entregado
PED-10618,CLI-1146,PROD-125,TR-102,Norte,858,28.87,551,2025-04-11,2025-04-15,2025-04-15,Entregado
PED-10619,CLI-1082,PROD-111,TR-104,Centro,2586,16.26,550,2026-04-19,2026-04-23,2026-04-28,Entregado
PED-10620,CLI-1070,PROD-110,TR-104,Sur,615,11.4,124,2025-06-21,2025-06-25,2025-06-24,Entregado
PED-10621,CLI-1135,PROD-102,TR-104,Sur,1686,24.63,1126,2026-01-11,2026-01-15,2026-01-16,Entregado
PED-10622,CLI-1134,PROD-118,TR-103,Sur,264,25.24,135,2024-05-12,2024-05-17,2024-05-17,Entregado
PED-10623,CLI-1126,PROD-125,TR-102,Norte,1716,8.54,551,2026-06-23,2026-06-27,2026-06-28,Entregado
PED-10624,CLI-1030,PROD-123,TR-102,Sur,918,17.35,278,2026-03-29,2026-04-02,2026-04-02,Entregado
PED-10625,CLI-1143,PROD-125,TR-102,Centro,1716,29.44,1102,2024-01-12,2024-01-16,2024-01-17,Entregado
PED-10626,CLI-1129,PROD-117,TR-103,Centro,918,27.7,544,2026-02-24,2026-03-01,2026-03-05,Entregado
PED-10627,CLI-1007,PROD-126,TR-102,Este,2556,32.78,1124,2024-07-17,2024-07-21,2024-07-21,Entregado
PED-10628,CLI-1009,PROD-120,TR-102,Centro,2517,20.76,1082,2025-05-08,2025-05-12,2025-05-12,Entregado
PED-10629,CLI-1105,PROD-129,TR-101,Sur,195,16.86,51,2026-05-05,2026-05-08,2026-05-09,Entregado
PED-10630,CLI-1053,PROD-118,TR-103,Este,88,15.93,45,2026-03-29,2026-04-03,2026-04-03,Entregado
PED-10631,CLI-1007,PROD-110,TR-104,Este,615,18.82,372,2025-10-03,2025-10-07,2025-10-06,Entregado
PED-10632,CLI-1029,PROD-127,TR-103,Oeste,54,19.47,62,2025-12-23,2025-12-28,2025-12-29,Entregado
PED-10633,CLI-1060,PROD-111,TR-104,Centro,2586,13.14,1100,2026-04-29,2026-05-03,2026-05-02,Entregado
PED-10634,CLI-1095,PROD-125,TR-101,Sur,1716,9.16,1653,2026-03-07,2026-03-10,2026-03-09,Entregado
PED-10635,CLI-1123,PROD-128,TR-102,Este,180,16.72,87,2024-07-13,2024-07-17,2024-07-17,Entregado
PED-10636,CLI-1083,PROD-104,TR-101,Oeste,291,13.94,26,2026-04-21,2026-04-24,2026-04-25,Entregado
PED-10637,CLI-1099,PROD-122,TR-101,Oeste,630,31.6,321,2024-01-05,2024-01-08,2024-01-07,Entregado
PED-10638,CLI-1085,PROD-114,TR-101,Norte,301,28.6,543,2024-04-15,2024-04-18,2024-04-19,Entregado
PED-10639,CLI-1053,PROD-110,TR-102,Este,410,26.28,248,2024-07-16,2024-07-20,2024-07-21,Entregado
PED-10640,CLI-1040,PROD-108,TR-101,Este,252,13.97,25,2024-01-16,2024-01-19,2024-01-20,Entregado
PED-10641,CLI-1081,PROD-108,TR-102,Oeste,84,10.39,25,2025-12-22,2025-12-26,2025-12-27,Entregado
PED-10642,CLI-1086,PROD-117,TR-104,Oeste,1377,11.31,272,2024-02-21,2024-02-25,2024-02-25,Entregado
PED-10643,CLI-1013,PROD-102,TR-104,Centro,2529,30.66,1689,2025-02-05,2025-02-09,2025-02-10,Entregado
PED-10644,CLI-1091,PROD-109,TR-103,Norte,2589,34.3,558,2026-04-17,2026-04-22,2026-04-23,Entregado
PED-10645,CLI-1119,PROD-118,TR-102,Centro,176,20.57,45,2024-04-05,2024-04-09,2024-04-10,Entregado
PED-10646,CLI-1119,PROD-115,TR-102,Centro,486,18.89,216,2024-08-17,2024-08-21,2024-08-22,Entregado
PED-10647,CLI-1084,PROD-125,TR-103,Oeste,1716,17.81,551,2025-04-09,2025-04-14,2025-04-13,Entregado
PED-10648,CLI-1118,PROD-127,TR-102,Norte,162,21.96,31,2024-10-16,2024-10-20,2024-10-21,Entregado
PED-10649,CLI-1027,PROD-110,TR-101,Oeste,410,19.46,372,2026-03-22,2026-03-25,2026-03-25,Entregado
PED-10650,CLI-1062,PROD-117,TR-102,Centro,459,24.16,816,2025-05-08,2025-05-12,2025-05-12,Entregado
PED-10651,CLI-1111,PROD-118,TR-103,Este,264,10.56,135,2025-07-11,2025-07-16,2025-07-15,Entregado
PED-10652,CLI-1146,PROD-126,TR-104,Norte,1704,11.09,1686,2024-04-27,2024-05-01,2024-05-01,Entregado
PED-10653,CLI-1113,PROD-105,TR-103,Norte,1320,28.94,828,2025-02-19,2025-02-24,2025-02-26,Entregado
PED-10654,CLI-1126,PROD-120,TR-101,Norte,2517,29.96,1623,2024-04-02,2024-04-05,2024-04-09,Entregado
PED-10655,CLI-1038,PROD-114,TR-103,Este,301,26.56,181,2025-02-03,2025-02-08,2025-02-08,Entregado
PED-10656,CLI-1081,PROD-109,TR-103,Oeste,863,8.72,1674,2025-03-21,2025-03-26,2025-03-26,Entregado
PED-10657,CLI-1130,PROD-112,TR-102,Centro,642,8.52,106,2026-05-22,2026-05-26,2026-05-26,Entregado
PED-10658,CLI-1143,PROD-126,TR-103,Centro,852,27.11,1124,2024-04-22,2024-04-27,2024-04-26,Entregado
PED-10659,CLI-1100,PROD-120,TR-103,Oeste,1678,14.1,1623,2025-12-29,2026-01-03,2026-01-03,Entregado
PED-10660,CLI-1044,PROD-115,TR-102,Norte,486,16.14,108,2024-07-11,2024-07-15,2024-07-15,Entregado
PED-10661,CLI-1032,PROD-104,TR-101,Centro,291,25.94,52,2024-03-14,2024-03-17,2024-03-16,Entregado
PED-10662,CLI-1034,PROD-102,TR-102,Este,2529,33.15,1689,2025-10-19,2025-10-23,2025-10-23,Entregado
PED-10663,CLI-1046,PROD-114,TR-104,Norte,602,13.42,181,2025-07-19,2025-07-23,2025-07-23,Entregado
PED-10664,CLI-1001,PROD-118,TR-104,Oeste,264,19.39,90,2026-05-17,2026-05-21,2026-05-22,Entregado
PED-10665,CLI-1093,PROD-101,TR-101,Norte,67,21.26,57,2025-08-04,2025-08-07,2025-08-08,Entregado
PED-10666,CLI-1036,PROD-123,TR-103,Este,1377,15.0,278,2025-04-21,2025-04-26,2025-04-27,Entregado
PED-10667,CLI-1019,PROD-121,TR-103,Oeste,192,20.93,36,2025-09-19,2025-09-24,2025-09-28,Entregado
PED-10668,CLI-1120,PROD-118,TR-103,Sur,176,9.44,45,2025-03-07,2025-03-12,2025-03-12,Entregado
PED-10669,CLI-1077,PROD-123,TR-103,Norte,459,9.87,834,2024-03-03,2024-03-08,,Cancelado
PED-10670,CLI-1006,PROD-109,TR-104,Centro,1726,12.01,1116,2024-03-25,2024-03-29,2024-03-28,Entregado
PED-10671,CLI-1071,PROD-108,TR-103,Este,84,28.08,75,2024-01-15,2024-01-20,2024-01-21,Entregado
PED-10672,CLI-1094,PROD-125,TR-102,Oeste,1716,29.68,551,2024-09-24,2024-09-28,2024-09-27,Entregado
PED-10673,CLI-1008,PROD-110,TR-101,Centro,410,28.91,248,2024-05-28,2024-05-31,2024-05-30,Entregado
PED-10674,CLI-1060,PROD-121,TR-104,Centro,192,30.81,108,2026-01-13,2026-01-17,2026-01-16,Entregado
PED-10675,CLI-1013,PROD-120,TR-103,Centro,839,19.07,1082,2026-02-12,2026-02-17,2026-02-16,Entregado
PED-10676,CLI-1077,PROD-115,TR-102,Norte,486,12.35,216,2025-01-23,2025-01-27,2025-01-27,Entregado
PED-10677,CLI-1111,PROD-100,TR-103,Este,114,26.6,36,2026-03-27,2026-04-01,2026-04-02,Entregado
PED-10678,CLI-1136,PROD-120,TR-103,Sur,1678,15.66,1082,2026-05-14,2026-05-19,2026-05-20,Entregado
PED-10679,CLI-1065,PROD-120,TR-104,Oeste,839,26.31,1623,2025-04-17,2025-04-21,2025-04-22,Entregado
PED-10680,CLI-1133,PROD-110,TR-102,Este,205,8.82,124,2024-11-16,2024-11-20,2024-11-21,Entregado
PED-10681,CLI-1026,PROD-121,TR-104,Sur,128,9.4,36,2024-12-25,2024-12-29,2024-12-29,Entregado
PED-10682,CLI-1023,PROD-101,TR-102,Centro,67,31.2,19,2025-09-05,2025-09-09,2025-09-10,Entregado
PED-10683,CLI-1144,PROD-125,TR-102,Norte,1716,26.0,1102,2024-04-23,2024-04-27,2024-04-27,Entregado
PED-10684,CLI-1019,PROD-120,TR-104,Oeste,2517,15.32,1082,2024-10-10,2024-10-14,2024-10-15,Entregado
PED-10685,CLI-1070,PROD-124,TR-101,Sur,670,13.22,362,2025-01-26,2025-01-29,2025-01-28,Entregado
PED-10686,CLI-1017,PROD-115,TR-102,Este,486,12.31,108,2025-09-16,2025-09-20,2025-09-21,Entregado
PED-10687,CLI-1055,PROD-119,TR-101,Este,93,10.37,43,2025-03-28,2025-03-31,2025-03-30,Entregado
PED-10688,CLI-1064,PROD-124,TR-104,Oeste,1005,8.52,543,2024-01-20,2024-01-24,2024-01-23,Entregado
PED-10689,CLI-1009,PROD-121,TR-104,Centro,128,8.6,108,2024-09-29,2024-10-03,2024-10-03,Entregado
PED-10690,CLI-1125,PROD-115,TR-104,Centro,729,8.59,108,2025-02-17,2025-02-21,2025-02-20,Entregado
PED-10691,CLI-1123,PROD-103,TR-103,Este,469,34.92,816,2024-12-07,2024-12-12,2024-12-12,Entregado
PED-10692,CLI-1023,PROD-111,TR-103,Centro,2586,13.18,550,2024-03-23,2024-03-28,2024-03-28,Entregado
PED-10693,CLI-1010,PROD-112,TR-102,Oeste,642,18.02,318,2024-11-02,2024-11-06,2024-11-05,Entregado
PED-10694,CLI-1021,PROD-128,TR-104,Sur,60,27.57,29,2026-01-22,2026-01-26,2026-01-25,Entregado
PED-10695,CLI-1061,PROD-115,TR-104,Este,486,22.65,216,2024-03-05,2024-03-09,2024-03-10,Entregado
PED-10696,CLI-1115,PROD-100,TR-101,Sur,114,14.11,12,2024-12-13,2024-12-16,2024-12-18,Entregado
PED-10697,CLI-1133,PROD-114,TR-102,Este,301,12.25,543,2026-01-28,2026-02-01,2026-01-31,Entregado
PED-10698,CLI-1004,PROD-115,TR-101,Sur,243,25.27,108,2024-09-05,2024-09-08,2024-09-07,Entregado
PED-10699,CLI-1078,PROD-126,TR-101,Este,852,11.53,562,2025-04-12,2025-04-15,2025-04-16,Entregado
PED-10700,CLI-1056,PROD-102,TR-102,Este,2529,17.09,1126,2025-03-12,2025-03-16,,Cancelado
PED-10701,CLI-1147,PROD-117,TR-102,Oeste,459,13.1,816,2024-11-25,2024-11-29,2024-11-28,Entregado
PED-10702,CLI-1016,PROD-103,TR-103,Este,1407,23.17,544,2024-05-24,2024-05-29,2024-05-28,Entregado
PED-10703,CLI-1112,PROD-107,TR-101,Este,470,31.81,276,2024-05-16,2024-05-19,2024-05-24,Entregado
PED-10704,CLI-1001,PROD-105,TR-101,Oeste,880,29.9,828,2025-12-24,2025-12-27,2025-12-27,Entregado
PED-10705,CLI-1121,PROD-122,TR-102,Oeste,630,19.42,214,2024-07-30,2024-08-03,2024-08-03,Entregado
PED-10706,CLI-1044,PROD-119,TR-101,Norte,279,25.12,43,2025-09-02,2025-09-05,2025-09-11,Entregado
PED-10707,CLI-1089,PROD-113,TR-101,Este,633,24.9,102,2025-07-25,2025-07-28,2025-07-27,Entregado
PED-10708,CLI-1138,PROD-116,TR-102,Sur,464,9.91,574,2025-04-20,2025-04-24,2025-04-25,Entregado
PED-10709,CLI-1038,PROD-121,TR-104,Este,64,25.59,36,2025-05-24,2025-05-28,2025-05-29,Entregado
PED-10710,CLI-1111,PROD-108,TR-103,Este,84,28.12,25,2025-09-23,2025-09-28,2025-09-28,Entregado
PED-10711,CLI-1137,PROD-105,TR-102,Oeste,440,27.62,276,2026-03-15,2026-03-19,2026-03-21,Entregado
PED-10712,CLI-1083,PROD-113,TR-102,Oeste,211,17.14,102,2026-02-04,2026-02-08,2026-02-08,Entregado
PED-10713,CLI-1025,PROD-107,TR-104,Oeste,470,24.0,552,2026-06-09,2026-06-13,2026-06-12,Entregado
PED-10714,CLI-1013,PROD-128,TR-104,Centro,120,18.76,29,2024-05-28,2024-06-01,2024-06-02,Entregado
PED-10715,CLI-1049,PROD-120,TR-103,Oeste,839,23.57,1623,2024-10-03,2024-10-08,2024-10-07,Entregado
PED-10716,CLI-1071,PROD-104,TR-101,Este,97,14.33,52,2026-05-22,2026-05-25,2026-05-25,Entregado
PED-10717,CLI-1075,PROD-119,TR-102,Oeste,93,34.21,129,2026-03-19,2026-03-23,,Cancelado
PED-10718,CLI-1022,PROD-113,TR-104,Norte,422,15.9,204,2026-06-01,2026-06-05,2026-06-06,Entregado
PED-10719,CLI-1063,PROD-107,TR-103,Centro,470,32.3,828,2025-03-20,2025-03-25,2025-03-26,Entregado
PED-10720,CLI-1011,PROD-101,TR-104,Oeste,134,18.95,57,2026-01-21,2026-01-25,2026-01-24,Entregado
PED-10721,CLI-1025,PROD-114,TR-104,Oeste,903,19.28,543,2024-09-03,2024-09-07,2024-09-09,Entregado
PED-10722,CLI-1091,PROD-109,TR-102,Norte,1726,16.58,1674,2025-10-25,2025-10-29,2025-10-28,Entregado
PED-10723,CLI-1117,PROD-127,TR-101,Norte,162,13.4,62,2025-04-10,2025-04-13,2025-04-13,Entregado
PED-10724,CLI-1094,PROD-120,TR-104,Oeste,839,32.18,1082,2025-12-21,2025-12-25,2025-12-26,Entregado
PED-10725,CLI-1008,PROD-109,TR-104,Centro,2589,29.55,1674,2026-02-09,2026-02-13,2026-02-14,Entregado
PED-10726,CLI-1020,PROD-119,TR-103,Norte,279,32.03,86,2026-01-23,2026-01-28,2026-01-29,Entregado
PED-10727,CLI-1093,PROD-114,TR-101,Norte,903,23.36,181,2025-01-09,2025-01-12,2025-01-19,Entregado
PED-10728,CLI-1035,PROD-110,TR-102,Centro,615,31.58,372,2025-07-06,2025-07-10,2025-07-15,Entregado
PED-10729,CLI-1057,PROD-110,TR-103,Norte,410,10.18,124,2024-09-30,2024-10-05,2024-10-05,Entregado
PED-10730,CLI-1088,PROD-114,TR-104,Sur,602,22.6,543,2025-05-28,2025-06-01,2025-05-31,Entregado
PED-10731,CLI-1136,PROD-128,TR-103,Sur,180,13.49,29,2025-04-07,2025-04-12,,Cancelado
PED-10732,CLI-1022,PROD-102,TR-104,Norte,843,15.81,563,2024-07-02,2024-07-06,2024-07-05,Entregado
PED-10733,CLI-1037,PROD-115,TR-102,Sur,243,19.54,216,2026-06-14,2026-06-18,2026-06-19,Entregado
PED-10734,CLI-1033,PROD-115,TR-103,Oeste,243,13.51,216,2025-03-06,2025-03-11,2025-03-12,Entregado
PED-10735,CLI-1059,PROD-126,TR-103,Sur,2556,21.38,1124,2025-02-25,2025-03-02,2025-03-03,Entregado
PED-10736,CLI-1135,PROD-126,TR-104,Sur,1704,29.42,562,2025-04-13,2025-04-17,2025-04-16,Entregado
PED-10737,CLI-1058,PROD-115,TR-103,Norte,243,16.04,216,2024-10-22,2024-10-27,2024-10-26,Entregado
PED-10738,CLI-1042,PROD-119,TR-102,Este,93,26.86,129,2025-12-29,2026-01-02,2026-01-01,Entregado
PED-10739,CLI-1039,PROD-105,TR-102,Centro,1320,20.18,276,2024-04-29,2024-05-03,2024-05-07,Entregado
PED-10740,CLI-1052,PROD-117,TR-101,Oeste,459,20.38,544,2025-11-12,2025-11-15,2025-11-15,Entregado
PED-10741,CLI-1041,PROD-117,TR-103,Sur,918,33.62,272,2024-05-04,2024-05-09,2024-05-09,Entregado
PED-10742,CLI-1081,PROD-104,TR-101,Oeste,194,27.19,78,2026-01-26,2026-01-29,2026-01-30,Entregado
PED-10743,CLI-1074,PROD-124,TR-102,Sur,670,11.48,543,2026-03-29,2026-04-02,2026-04-02,Entregado
PED-10744,CLI-1122,PROD-128,TR-101,Centro,120,19.14,29,2024-05-22,2024-05-25,2024-05-24,Entregado
PED-10745,CLI-1056,PROD-114,TR-103,Este,903,23.96,181,2024-04-04,2024-04-09,2024-04-10,Entregado
PED-10746,CLI-1071,PROD-106,TR-101,Este,2601,33.88,1677,2024-03-26,2024-03-29,2024-03-29,Entregado
PED-10747,CLI-1131,PROD-112,TR-102,Sur,642,32.57,106,2025-05-17,2025-05-21,2025-05-22,Entregado
PED-10748,CLI-1037,PROD-122,TR-104,Sur,420,17.81,214,2025-01-13,2025-01-17,2025-01-16,Entregado
PED-10749,CLI-1114,PROD-127,TR-101,Centro,162,29.8,62,2024-08-08,2024-08-11,2024-08-11,Entregado
PED-10750,CLI-1073,PROD-105,TR-104,Este,1320,10.78,828,2026-01-16,2026-01-20,2026-01-19,Entregado
PED-10751,CLI-1053,PROD-109,TR-104,Este,863,28.54,1674,2026-06-07,2026-06-11,2026-06-11,Entregado
PED-10752,CLI-1022,PROD-100,TR-104,Norte,57,20.75,36,2025-10-16,2025-10-20,2025-10-20,Entregado
PED-10753,CLI-1145,PROD-124,TR-102,Oeste,670,21.5,543,2024-07-23,2024-07-27,2024-07-27,Entregado
PED-10754,CLI-1077,PROD-126,TR-103,Norte,852,29.47,562,2025-05-20,2025-05-25,2025-05-25,Entregado
PED-10755,CLI-1039,PROD-108,TR-103,Centro,84,26.15,75,2025-10-17,2025-10-22,2025-10-22,Entregado
PED-10756,CLI-1073,PROD-113,TR-102,Este,211,11.66,102,2025-05-18,2025-05-22,2025-05-23,Entregado
PED-10757,CLI-1017,PROD-119,TR-103,Este,186,26.68,129,2025-08-18,2025-08-23,2025-08-23,Entregado
PED-10758,CLI-1030,PROD-111,TR-101,Sur,862,16.97,550,2026-05-15,2026-05-18,,Cancelado
PED-10759,CLI-1034,PROD-111,TR-102,Este,2586,9.79,1100,2024-02-24,2024-02-28,2024-02-28,Entregado
PED-10760,CLI-1074,PROD-116,TR-101,Sur,464,24.37,287,2025-06-10,2025-06-13,2025-06-14,Entregado
PED-10761,CLI-1082,PROD-127,TR-103,Centro,108,27.0,93,2026-04-26,2026-05-01,2026-05-01,Entregado
PED-10762,CLI-1092,PROD-103,TR-103,Oeste,1407,18.38,544,2026-04-23,2026-04-28,2026-04-27,Entregado
PED-10763,CLI-1124,PROD-113,TR-103,Sur,633,30.54,102,2024-06-15,2024-06-20,2024-06-23,Entregado
PED-10764,CLI-1143,PROD-119,TR-101,Centro,93,32.97,43,2025-03-03,2025-03-06,2025-03-05,Entregado
PED-10765,CLI-1122,PROD-111,TR-103,Centro,2586,28.74,1650,2025-12-08,2025-12-13,2025-12-13,Entregado
PED-10766,CLI-1087,PROD-105,TR-103,Sur,440,31.21,276,2024-01-30,2024-02-04,2024-02-03,Entregado
PED-10767,CLI-1036,PROD-122,TR-102,Este,210,26.81,214,2024-11-10,2024-11-14,2024-11-13,Entregado
PED-10768,CLI-1028,PROD-102,TR-101,Sur,843,11.36,563,2026-03-04,2026-03-07,2026-03-07,Entregado
PED-10769,CLI-1131,PROD-118,TR-101,Sur,88,16.49,45,2025-04-25,2025-04-28,2025-05-02,Entregado
PED-10770,CLI-1024,PROD-125,TR-101,Sur,858,17.82,1653,2025-09-08,2025-09-11,2025-09-10,Entregado
PED-10771,CLI-1023,PROD-104,TR-103,Centro,291,24.74,78,2025-08-16,2025-08-21,2025-08-20,Entregado
PED-10772,CLI-1129,PROD-118,TR-101,Centro,264,27.47,45,2024-04-11,2024-04-14,2024-04-13,Entregado
PED-10773,CLI-1072,PROD-105,TR-101,Oeste,1320,21.08,828,2026-01-12,2026-01-15,2026-01-18,Entregado
PED-10774,CLI-1047,PROD-114,TR-101,Norte,602,22.13,181,2024-07-04,2024-07-07,2024-07-09,Entregado
PED-10775,CLI-1080,PROD-103,TR-104,Norte,938,16.14,816,2024-04-22,2024-04-26,2024-04-26,Entregado
PED-10776,CLI-1010,PROD-102,TR-103,Oeste,1686,28.01,1689,2025-05-20,2025-05-25,2025-05-29,Entregado
PED-10777,CLI-1113,PROD-107,TR-104,Norte,470,32.21,276,2024-10-24,2024-10-28,2024-10-28,Entregado
PED-10778,CLI-1121,PROD-121,TR-103,Oeste,192,19.0,36,2024-07-02,2024-07-07,2024-07-12,Entregado
PED-10779,CLI-1021,PROD-103,TR-102,Sur,469,33.02,816,2025-02-08,2025-02-12,,Cancelado
PED-10780,CLI-1016,PROD-111,TR-102,Este,862,30.71,550,2024-12-12,2024-12-16,2024-12-16,Entregado
PED-10781,CLI-1127,PROD-108,TR-103,Este,168,21.11,50,2026-02-13,2026-02-18,2026-02-19,Entregado
PED-10782,CLI-1103,PROD-115,TR-103,Oeste,243,21.47,216,2024-05-30,2024-06-04,2024-06-03,Entregado
PED-10783,CLI-1059,PROD-120,TR-102,Sur,839,26.47,1082,2024-01-31,2024-02-04,,Cancelado
PED-10784,CLI-1097,PROD-119,TR-103,Este,93,26.02,43,2024-06-05,2024-06-10,2024-06-11,Entregado
PED-10785,CLI-1126,PROD-125,TR-104,Norte,1716,15.43,1653,2024-07-25,2024-07-29,2024-07-29,Entregado
PED-10786,CLI-1087,PROD-125,TR-101,Sur,858,20.43,1102,2026-02-21,2026-02-24,,Cancelado
PED-10787,CLI-1113,PROD-114,TR-101,Norte,903,21.52,181,2024-02-03,2024-02-06,2024-02-11,Entregado
PED-10788,CLI-1099,PROD-115,TR-101,Oeste,729,22.79,324,2025-08-05,2025-08-08,2025-08-09,Entregado
PED-10789,CLI-1143,PROD-127,TR-102,Centro,108,34.23,93,2025-06-02,2025-06-06,2025-06-10,Entregado
PED-10790,CLI-1090,PROD-124,TR-103,Sur,335,17.75,362,2024-11-24,2024-11-29,2024-12-01,Entregado
PED-10791,CLI-1006,PROD-124,TR-103,Centro,670,17.81,362,2025-01-24,2025-01-29,2025-02-02,Entregado
PED-10792,CLI-1063,PROD-107,TR-103,Centro,940,17.45,276,2025-08-29,2025-09-03,2025-09-05,Entregado
PED-10793,CLI-1083,PROD-101,TR-104,Oeste,201,15.57,38,2025-11-04,2025-11-08,2025-11-09,Entregado
PED-10794,CLI-1005,PROD-110,TR-104,Oeste,205,11.15,248,2025-08-07,2025-08-11,2025-08-12,Entregado
PED-10795,CLI-1086,PROD-115,TR-103,Oeste,486,21.67,108,2024-06-19,2024-06-24,2024-06-24,Entregado
PED-10796,CLI-1019,PROD-126,TR-102,Oeste,2556,29.82,1124,2024-10-21,2024-10-25,2024-10-25,Entregado
PED-10797,CLI-1023,PROD-122,TR-101,Centro,630,21.09,321,2025-08-29,2025-09-01,2025-08-31,Entregado
PED-10798,CLI-1053,PROD-111,TR-101,Este,1724,26.08,1100,2025-10-29,2025-11-01,2025-11-02,Entregado
PED-10799,CLI-1106,PROD-112,TR-103,Sur,642,31.84,106,2025-10-01,2025-10-06,2025-10-07,Entregado
PED-10800,CLI-1132,PROD-127,TR-102,Sur,162,15.6,62,2025-08-13,2025-08-17,2025-08-18,Entregado
PED-10801,CLI-1111,PROD-129,TR-101,Este,65,12.49,17,2025-06-18,2025-06-21,2025-06-21,Entregado
PED-10802,CLI-1076,PROD-127,TR-104,Norte,162,30.92,31,2025-02-24,2025-02-28,2025-02-27,Entregado
PED-10803,CLI-1068,PROD-126,TR-103,Este,2556,19.26,562,2025-10-23,2025-10-28,2025-10-29,Entregado
PED-10804,CLI-1049,PROD-100,TR-102,Oeste,114,34.77,36,2026-03-27,2026-03-31,2026-03-31,Entregado
PED-10805,CLI-1108,PROD-120,TR-101,Este,839,29.43,1082,2024-07-25,2024-07-28,2024-07-27,Entregado
PED-10806,CLI-1071,PROD-121,TR-102,Este,128,9.97,36,2025-10-21,2025-10-25,,Cancelado
PED-10807,CLI-1080,PROD-119,TR-103,Norte,186,25.92,129,2026-06-06,2026-06-11,2026-06-16,Entregado
PED-10808,CLI-1035,PROD-107,TR-101,Centro,1410,30.47,828,2025-08-07,2025-08-10,2025-08-09,Entregado
PED-10809,CLI-1134,PROD-108,TR-104,Sur,168,30.56,50,2026-06-24,2026-06-28,2026-06-30,Entregado
PED-10810,CLI-1060,PROD-129,TR-104,Centro,65,20.15,34,2024-08-11,2024-08-15,2024-08-14,Entregado
PED-10811,CLI-1065,PROD-127,TR-101,Oeste,54,22.96,62,2025-05-17,2025-05-20,2025-05-21,Entregado
PED-10812,CLI-1063,PROD-108,TR-102,Centro,168,25.6,25,2025-01-06,2025-01-10,2025-01-10,Entregado
PED-10813,CLI-1008,PROD-126,TR-101,Centro,852,23.15,1124,2025-12-08,2025-12-11,2025-12-12,Entregado
PED-10814,CLI-1092,PROD-128,TR-101,Oeste,120,32.61,29,2025-07-01,2025-07-04,2025-07-04,Entregado
PED-10815,CLI-1100,PROD-129,TR-103,Oeste,130,31.27,17,2024-11-04,2024-11-09,2024-11-12,Entregado
PED-10816,CLI-1112,PROD-120,TR-103,Este,1678,15.76,541,2026-06-19,2026-06-24,2026-06-25,Entregado
PED-10817,CLI-1125,PROD-115,TR-104,Centro,243,27.01,108,2026-05-11,2026-05-15,2026-05-15,Entregado
PED-10818,CLI-1129,PROD-102,TR-103,Centro,2529,20.51,1126,2025-03-06,2025-03-11,2025-03-12,Entregado
PED-10819,CLI-1013,PROD-120,TR-102,Centro,839,19.12,541,2025-10-07,2025-10-11,2025-10-12,Entregado
PED-10820,CLI-1080,PROD-118,TR-101,Norte,264,28.72,135,2024-04-23,2024-04-26,2024-05-03,Entregado
PED-10821,CLI-1105,PROD-125,TR-103,Sur,858,13.1,1102,2025-04-07,2025-04-12,2025-04-13,Entregado
PED-10822,CLI-1083,PROD-125,TR-103,Oeste,858,31.72,1102,2024-07-22,2024-07-27,,Cancelado
PED-10823,CLI-1146,PROD-107,TR-101,Norte,470,13.75,552,2024-01-24,2024-01-27,2024-01-27,Entregado
PED-10824,CLI-1043,PROD-101,TR-104,Centro,67,33.89,19,2025-09-24,2025-09-28,2025-09-28,Entregado
PED-10825,CLI-1043,PROD-118,TR-101,Centro,176,21.59,135,2024-01-15,2024-01-18,2024-01-18,Entregado
PED-10826,CLI-1057,PROD-122,TR-102,Norte,420,21.6,321,2024-07-14,2024-07-18,2024-07-18,Entregado
PED-10827,CLI-1033,PROD-113,TR-102,Oeste,633,13.52,306,2025-09-06,2025-09-10,2025-09-10,Entregado
PED-10828,CLI-1046,PROD-113,TR-102,Norte,211,20.45,306,2024-01-30,2024-02-03,2024-02-03,Entregado
PED-10829,CLI-1063,PROD-111,TR-104,Centro,1724,19.04,1650,2024-03-28,2024-04-01,2024-04-04,Entregado
PED-10830,CLI-1098,PROD-122,TR-104,Sur,210,10.06,321,2026-01-23,2026-01-27,2026-01-26,Entregado
PED-10831,CLI-1085,PROD-129,TR-102,Norte,195,27.3,51,2025-04-27,2025-05-01,2025-05-02,Entregado
PED-10832,CLI-1001,PROD-108,TR-104,Oeste,168,34.15,25,2024-11-05,2024-11-09,2024-11-10,Entregado
PED-10833,CLI-1148,PROD-105,TR-103,Este,880,10.88,276,2024-06-22,2024-06-27,2024-06-27,Entregado
PED-10834,CLI-1135,PROD-113,TR-102,Sur,211,31.6,204,2024-09-23,2024-09-27,2024-09-29,Entregado
PED-10835,CLI-1092,PROD-129,TR-104,Oeste,195,22.2,34,2024-10-16,2024-10-20,2024-10-20,Entregado
PED-10836,CLI-1111,PROD-128,TR-102,Este,60,31.11,87,2024-11-19,2024-11-23,2024-11-23,Entregado
PED-10837,CLI-1112,PROD-101,TR-102,Este,67,15.4,38,2024-06-01,2024-06-05,2024-06-08,Entregado
PED-10838,CLI-1111,PROD-103,TR-104,Este,1407,20.63,544,2024-02-11,2024-02-15,2024-02-16,Entregado
PED-10839,CLI-1037,PROD-103,TR-103,Sur,469,28.37,272,2024-04-05,2024-04-10,2024-04-10,Entregado
PED-10840,CLI-1069,PROD-118,TR-102,Este,264,13.29,135,2025-08-20,2025-08-24,2025-08-23,Entregado
PED-10841,CLI-1019,PROD-107,TR-104,Oeste,470,26.55,552,2025-11-24,2025-11-28,2025-12-02,Entregado
PED-10842,CLI-1100,PROD-111,TR-101,Oeste,862,30.51,1100,2026-05-07,2026-05-10,2026-05-09,Entregado
PED-10843,CLI-1122,PROD-114,TR-103,Centro,301,24.99,543,2025-08-31,2025-09-05,2025-09-05,Entregado
PED-10844,CLI-1115,PROD-110,TR-102,Sur,410,29.65,248,2024-08-04,2024-08-08,2024-08-09,Entregado
PED-10845,CLI-1140,PROD-119,TR-104,Oeste,93,10.86,86,2024-04-04,2024-04-08,2024-04-07,Entregado
PED-10846,CLI-1053,PROD-105,TR-104,Este,1320,11.7,276,2026-03-09,2026-03-13,2026-03-14,Entregado
PED-10847,CLI-1110,PROD-123,TR-103,Sur,1377,30.55,278,2025-12-02,2025-12-07,2025-12-07,Entregado
PED-10848,CLI-1131,PROD-106,TR-104,Sur,1734,24.41,1677,2025-04-01,2025-04-05,2025-04-05,Entregado
PED-10849,CLI-1023,PROD-124,TR-104,Centro,670,19.79,543,2026-04-10,2026-04-14,2026-04-13,Entregado
PED-10850,CLI-1010,PROD-116,TR-103,Oeste,1392,12.61,861,2025-04-19,2025-04-24,2025-04-25,Entregado
PED-10851,CLI-1134,PROD-102,TR-103,Sur,1686,34.58,563,2025-04-24,2025-04-29,2025-04-29,Entregado
PED-10852,CLI-1076,PROD-126,TR-102,Norte,852,10.53,1686,2025-06-19,2025-06-23,2025-06-24,Entregado
PED-10853,CLI-1027,PROD-116,TR-104,Oeste,928,24.02,574,2025-02-26,2025-03-02,2025-03-06,Entregado
PED-10854,CLI-1004,PROD-103,TR-104,Sur,469,19.53,272,2024-07-02,2024-07-06,2024-07-06,Entregado
PED-10855,CLI-1076,PROD-110,TR-104,Norte,410,34.12,248,2026-02-14,2026-02-18,,Cancelado
PED-10856,CLI-1047,PROD-106,TR-102,Norte,1734,11.32,1677,2024-03-21,2024-03-25,2024-03-26,Entregado
PED-10857,CLI-1001,PROD-112,TR-101,Oeste,428,19.23,318,2024-01-14,2024-01-17,2024-01-17,Entregado
PED-10858,CLI-1124,PROD-109,TR-103,Sur,2589,29.82,1116,2025-12-08,2025-12-13,2025-12-14,Entregado
PED-10859,CLI-1034,PROD-100,TR-102,Este,57,14.04,12,2024-04-24,2024-04-28,2024-04-29,Entregado
PED-10860,CLI-1061,PROD-113,TR-102,Este,211,19.68,204,2024-03-29,2024-04-02,2024-04-02,Entregado
PED-10861,CLI-1029,PROD-105,TR-102,Oeste,880,31.28,276,2026-01-26,2026-01-30,2026-01-30,Entregado
PED-10862,CLI-1149,PROD-107,TR-102,Sur,470,8.71,552,2024-10-28,2024-11-01,2024-11-01,Entregado
PED-10863,CLI-1110,PROD-113,TR-104,Sur,633,9.48,204,2026-01-24,2026-01-28,2026-01-29,Entregado
PED-10864,CLI-1131,PROD-118,TR-104,Sur,88,23.77,90,2024-08-25,2024-08-29,2024-08-30,Entregado
PED-10865,CLI-1068,PROD-128,TR-104,Este,180,17.69,87,2026-06-29,2026-07-03,2026-07-03,Entregado
PED-10866,CLI-1111,PROD-100,TR-102,Este,114,14.65,24,2024-10-21,2024-10-25,2024-10-25,Entregado
PED-10867,CLI-1056,PROD-118,TR-103,Este,264,11.98,90,2025-09-08,2025-09-13,2025-09-14,Entregado
PED-10868,CLI-1099,PROD-113,TR-103,Oeste,633,15.99,102,2026-03-26,2026-03-31,2026-03-30,Entregado
PED-10869,CLI-1022,PROD-121,TR-104,Norte,192,11.17,72,2024-05-12,2024-05-16,2024-05-15,Entregado
PED-10870,CLI-1106,PROD-115,TR-103,Sur,243,31.84,216,2024-08-28,2024-09-02,2024-09-01,Entregado
PED-10871,CLI-1091,PROD-121,TR-102,Norte,64,17.45,36,2024-06-27,2024-07-01,2024-07-02,Entregado
PED-10872,CLI-1058,PROD-103,TR-102,Norte,938,28.91,272,2025-05-13,2025-05-17,2025-05-17,Entregado
PED-10873,CLI-1142,PROD-108,TR-102,Norte,252,11.26,75,2026-05-23,2026-05-27,2026-05-28,Entregado
PED-10874,CLI-1112,PROD-125,TR-104,Este,2574,29.23,1653,2026-05-11,2026-05-15,2026-05-14,Entregado
PED-10875,CLI-1026,PROD-126,TR-101,Sur,852,12.66,1124,2025-06-03,2025-06-06,2025-06-08,Entregado
PED-10876,CLI-1113,PROD-124,TR-104,Norte,1005,17.37,362,2026-01-20,2026-01-24,2026-01-23,Entregado
PED-10877,CLI-1035,PROD-103,TR-102,Centro,469,17.54,544,2025-03-25,2025-03-29,2025-03-28,Entregado
PED-10878,CLI-1129,PROD-105,TR-101,Centro,880,26.12,828,2024-09-29,2024-10-02,2024-10-02,Entregado
PED-10879,CLI-1038,PROD-124,TR-104,Este,670,32.3,362,2026-03-17,2026-03-21,2026-03-21,Entregado
PED-10880,CLI-1132,PROD-125,TR-103,Sur,2574,33.51,1653,2024-01-31,2024-02-05,2024-02-04,Entregado
PED-10881,CLI-1021,PROD-110,TR-103,Sur,410,18.92,124,2025-02-15,2025-02-20,2025-02-19,Entregado
PED-10882,CLI-1009,PROD-121,TR-102,Centro,128,31.97,72,2025-08-11,2025-08-15,2025-08-19,Entregado
PED-10883,CLI-1077,PROD-123,TR-103,Norte,1377,32.89,834,2024-12-18,2024-12-23,2024-12-27,Entregado
PED-10884,CLI-1114,PROD-120,TR-102,Centro,2517,26.98,1082,2026-06-27,2026-07-01,,Cancelado
PED-10885,CLI-1103,PROD-124,TR-102,Oeste,1005,18.83,362,2026-06-21,2026-06-25,2026-06-24,Entregado
PED-10886,CLI-1032,PROD-116,TR-103,Centro,1392,28.56,574,2024-08-06,2024-08-11,2024-08-15,Entregado
PED-10887,CLI-1007,PROD-128,TR-103,Este,180,34.65,58,2024-09-04,2024-09-09,2024-09-09,Entregado
PED-10888,CLI-1028,PROD-123,TR-101,Sur,1377,11.78,556,2026-05-11,2026-05-14,2026-05-15,Entregado
PED-10889,CLI-1031,PROD-114,TR-103,Norte,602,29.84,181,2025-08-09,2025-08-14,2025-08-14,Entregado
PED-10890,CLI-1148,PROD-118,TR-102,Este,264,26.32,135,2024-12-24,2024-12-28,2024-12-29,Entregado
PED-10891,CLI-1133,PROD-123,TR-102,Este,459,20.54,556,2024-04-17,2024-04-21,2024-04-22,Entregado
PED-10892,CLI-1108,PROD-126,TR-104,Este,852,14.19,1124,2024-03-24,2024-03-28,2024-04-02,Entregado
PED-10893,CLI-1134,PROD-112,TR-104,Sur,642,34.91,212,2026-06-11,2026-06-15,2026-06-15,Entregado
PED-10894,CLI-1125,PROD-123,TR-104,Centro,459,27.35,556,2026-04-23,2026-04-27,2026-04-28,Entregado
PED-10895,CLI-1131,PROD-127,TR-101,Sur,54,12.66,93,2025-12-12,2025-12-15,2025-12-15,Entregado
PED-10896,CLI-1143,PROD-111,TR-101,Centro,862,23.65,1100,2025-09-08,2025-09-11,2025-09-10,Entregado
PED-10897,CLI-1010,PROD-116,TR-102,Oeste,928,21.38,574,2024-04-30,2024-05-04,2024-05-04,Entregado
PED-10898,CLI-1036,PROD-104,TR-104,Este,194,13.35,26,2024-02-19,2024-02-23,2024-02-23,Entregado
PED-10899,CLI-1125,PROD-100,TR-101,Centro,114,23.69,24,2025-07-14,2025-07-17,2025-07-16,Entregado
PED-10900,CLI-1144,PROD-114,TR-103,Norte,903,28.69,181,2026-03-11,2026-03-16,2026-03-17,Entregado
PED-10901,CLI-1117,PROD-124,TR-104,Norte,670,29.7,181,2025-11-14,2025-11-18,2025-11-19,Entregado
PED-10902,CLI-1104,PROD-112,TR-102,Sur,642,28.0,212,2025-02-08,2025-02-12,2025-02-11,Entregado
PED-10903,CLI-1022,PROD-127,TR-102,Norte,162,11.78,93,2025-12-25,2025-12-29,2026-01-02,Entregado
PED-10904,CLI-1049,PROD-119,TR-101,Oeste,279,11.69,43,2025-08-06,2025-08-09,2025-08-09,Entregado
PED-10905,CLI-1136,PROD-105,TR-101,Sur,1320,20.27,828,2024-10-08,2024-10-11,2024-10-10,Entregado
PED-10906,CLI-1136,PROD-119,TR-103,Sur,93,20.08,86,2025-02-15,2025-02-20,2025-02-20,Entregado
PED-10907,CLI-1106,PROD-100,TR-103,Sur,57,12.96,36,2025-01-26,2025-01-31,2025-01-30,Entregado
PED-10908,CLI-1036,PROD-105,TR-103,Este,880,12.98,828,2026-02-25,2026-03-02,2026-03-06,Entregado
PED-10909,CLI-1083,PROD-105,TR-101,Oeste,440,12.28,552,2025-12-31,2026-01-03,,Cancelado
PED-10910,CLI-1066,PROD-112,TR-101,Centro,642,21.56,106,2024-02-23,2024-02-26,2024-02-27,Entregado
PED-10911,CLI-1098,PROD-103,TR-103,Sur,938,21.33,272,2024-03-03,2024-03-08,2024-03-09,Entregado
PED-10912,CLI-1059,PROD-129,TR-101,Sur,195,15.03,17,2024-10-02,2024-10-05,2024-10-06,Entregado
PED-10913,CLI-1032,PROD-109,TR-104,Centro,863,22.82,1116,2025-04-01,2025-04-05,2025-04-08,Entregado
PED-10914,CLI-1062,PROD-117,TR-104,Centro,918,16.17,816,2025-07-22,2025-07-26,2025-07-25,Entregado
PED-10915,CLI-1042,PROD-100,TR-101,Este,171,34.98,24,2025-05-08,2025-05-11,2025-05-11,Entregado
PED-10916,CLI-1054,PROD-118,TR-103,Norte,264,16.47,45,2024-02-16,2024-02-21,2024-02-22,Entregado
PED-10917,CLI-1031,PROD-126,TR-102,Norte,1704,24.68,562,2026-01-12,2026-01-16,2026-01-16,Entregado
PED-10918,CLI-1081,PROD-128,TR-103,Oeste,120,15.02,58,2025-10-12,2025-10-17,,Cancelado
PED-10919,CLI-1087,PROD-106,TR-104,Sur,867,32.94,1677,2025-09-05,2025-09-09,2025-09-10,Entregado
PED-10920,CLI-1001,PROD-128,TR-101,Oeste,180,21.46,87,2025-11-19,2025-11-22,2025-11-23,Entregado
PED-10921,CLI-1020,PROD-125,TR-101,Norte,2574,17.85,551,2025-07-05,2025-07-08,2025-07-14,Entregado
PED-10922,CLI-1091,PROD-112,TR-102,Norte,214,20.76,106,2026-05-09,2026-05-13,,Cancelado
PED-10923,CLI-1113,PROD-100,TR-102,Norte,171,17.98,36,2026-01-30,2026-02-03,2026-02-07,Entregado
PED-10924,CLI-1077,PROD-125,TR-102,Norte,858,21.56,1102,2024-08-27,2024-08-31,2024-08-31,Entregado
PED-10925,CLI-1053,PROD-100,TR-102,Este,114,21.76,36,2026-04-20,2026-04-24,2026-04-23,Entregado
PED-10926,CLI-1043,PROD-117,TR-102,Centro,1377,23.48,816,2025-11-06,2025-11-10,2025-11-11,Entregado
PED-10927,CLI-1032,PROD-123,TR-101,Centro,459,27.82,834,2024-05-10,2024-05-13,2024-05-14,Entregado
PED-10928,CLI-1005,PROD-122,TR-103,Oeste,210,25.49,214,2025-11-28,2025-12-03,2025-12-03,Entregado
PED-10929,CLI-1013,PROD-127,TR-103,Centro,108,26.52,31,2025-03-18,2025-03-23,2025-03-23,Entregado
PED-10930,CLI-1119,PROD-115,TR-103,Centro,243,15.87,108,2025-06-13,2025-06-18,2025-06-19,Entregado
PED-10931,CLI-1114,PROD-110,TR-101,Centro,615,34.74,124,2025-02-05,2025-02-08,2025-02-07,Entregado
PED-10932,CLI-1057,PROD-122,TR-104,Norte,210,16.74,214,2024-03-17,2024-03-21,2024-03-20,Entregado
PED-10933,CLI-1024,PROD-100,TR-104,Sur,171,30.77,24,2025-03-18,2025-03-22,2025-03-23,Entregado
PED-10934,CLI-1121,PROD-107,TR-103,Oeste,1410,33.5,276,2026-05-02,2026-05-07,2026-05-11,Entregado
PED-10935,CLI-1112,PROD-124,TR-101,Este,335,32.79,181,2025-10-02,2025-10-05,2025-10-04,Entregado
PED-10936,CLI-1096,PROD-110,TR-101,Sur,205,24.68,248,2026-03-12,2026-03-15,2026-03-15,Entregado
PED-10937,CLI-1110,PROD-102,TR-101,Sur,1686,19.14,1126,2025-11-24,2025-11-27,2025-11-29,Entregado
PED-10938,CLI-1105,PROD-107,TR-101,Sur,1410,11.18,828,2025-04-09,2025-04-12,2025-04-12,Entregado
PED-10939,CLI-1006,PROD-114,TR-103,Centro,301,27.4,543,2025-08-24,2025-08-29,2025-08-28,Entregado
PED-10940,CLI-1049,PROD-128,TR-102,Oeste,120,27.7,58,2025-10-14,2025-10-18,2025-10-18,Entregado
PED-10941,CLI-1113,PROD-105,TR-102,Norte,440,23.99,552,2024-05-20,2024-05-24,2024-05-23,Entregado
PED-10942,CLI-1131,PROD-120,TR-103,Sur,839,20.94,541,2024-11-14,2024-11-19,2024-11-20,Entregado
PED-10943,CLI-1074,PROD-111,TR-101,Sur,862,14.79,550,2025-06-14,2025-06-17,2025-06-18,Entregado
PED-10944,CLI-1143,PROD-127,TR-101,Centro,162,29.31,31,2025-03-08,2025-03-11,2025-03-10,Entregado
PED-10945,CLI-1087,PROD-106,TR-104,Sur,2601,17.28,1677,2025-12-12,2025-12-16,2025-12-16,Entregado
PED-10946,CLI-1148,PROD-118,TR-103,Este,88,20.54,45,2025-09-22,2025-09-27,2025-09-27,Entregado
PED-10947,CLI-1010,PROD-115,TR-102,Oeste,243,25.03,216,2024-01-04,2024-01-08,2024-01-09,Entregado
PED-10948,CLI-1084,PROD-125,TR-104,Oeste,1716,10.45,551,2024-07-29,2024-08-02,2024-08-01,Entregado
PED-10949,CLI-1007,PROD-117,TR-101,Este,1377,32.69,816,2024-05-25,2024-05-28,2024-05-27,Entregado
PED-10950,CLI-1092,PROD-101,TR-101,Oeste,67,27.55,38,2024-07-22,2024-07-25,2024-07-24,Entregado
PED-10951,CLI-1086,PROD-127,TR-102,Oeste,108,9.06,31,2024-07-01,2024-07-05,2024-07-04,Entregado
PED-10952,CLI-1035,PROD-112,TR-101,Centro,428,18.3,106,2024-12-12,2024-12-15,2024-12-15,Entregado
PED-10953,CLI-1095,PROD-121,TR-102,Sur,128,10.23,108,2025-06-23,2025-06-27,2025-06-28,Entregado
PED-10954,CLI-1033,PROD-125,TR-102,Oeste,1716,24.39,1102,2024-07-15,2024-07-19,,Cancelado
PED-10955,CLI-1062,PROD-129,TR-101,Centro,195,29.42,34,2026-02-20,2026-02-23,2026-02-22,Entregado
PED-10956,CLI-1083,PROD-107,TR-101,Oeste,1410,31.97,828,2025-10-06,2025-10-09,2025-10-08,Entregado
PED-10957,CLI-1053,PROD-123,TR-101,Este,1377,12.94,278,2026-03-14,2026-03-17,2026-03-18,Entregado
PED-10958,CLI-1130,PROD-111,TR-104,Centro,2586,22.43,1100,2025-06-15,2025-06-19,2025-06-19,Entregado
PED-10959,CLI-1123,PROD-122,TR-104,Este,630,25.72,321,2025-04-30,2025-05-04,2025-05-04,Entregado
PED-10960,CLI-1053,PROD-107,TR-102,Este,470,19.76,552,2025-04-07,2025-04-11,2025-04-11,Entregado
PED-10961,CLI-1096,PROD-118,TR-102,Sur,88,28.42,45,2026-05-12,2026-05-16,2026-05-17,Entregado
PED-10962,CLI-1132,PROD-111,TR-102,Sur,1724,20.89,1100,2025-08-20,2025-08-24,2025-08-28,Entregado
PED-10963,CLI-1127,PROD-110,TR-103,Este,205,25.6,248,2025-01-26,2025-01-31,2025-02-05,Entregado
PED-10964,CLI-1021,PROD-109,TR-101,Sur,863,10.39,558,2026-03-15,2026-03-18,2026-03-17,Entregado
PED-10965,CLI-1009,PROD-117,TR-102,Centro,918,28.25,544,2024-12-07,2024-12-11,2024-12-11,Entregado
PED-10966,CLI-1070,PROD-106,TR-102,Sur,2601,8.73,1118,2026-05-25,2026-05-29,2026-05-30,Entregado
PED-10967,CLI-1088,PROD-125,TR-104,Sur,858,25.83,1102,2025-02-19,2025-02-23,,Cancelado
PED-10968,CLI-1038,PROD-127,TR-104,Este,54,14.69,62,2024-08-21,2024-08-25,2024-08-26,Entregado
PED-10969,CLI-1141,PROD-124,TR-104,Norte,335,30.91,362,2026-01-09,2026-01-13,2026-01-13,Entregado
PED-10970,CLI-1109,PROD-124,TR-104,Norte,335,12.18,362,2024-08-02,2024-08-06,,Cancelado
PED-10971,CLI-1078,PROD-123,TR-101,Este,918,19.61,278,2025-05-26,2025-05-29,2025-05-29,Entregado
PED-10972,CLI-1103,PROD-124,TR-103,Oeste,335,12.57,181,2024-11-29,2024-12-04,,Cancelado
PED-10973,CLI-1084,PROD-118,TR-104,Oeste,88,18.74,135,2025-01-25,2025-01-29,2025-01-29,Entregado
PED-10974,CLI-1121,PROD-103,TR-103,Oeste,938,13.04,272,2025-08-06,2025-08-11,2025-08-12,Entregado
PED-10975,CLI-1045,PROD-101,TR-104,Centro,134,13.96,38,2024-01-28,2024-02-01,2024-01-31,Entregado
PED-10976,CLI-1074,PROD-121,TR-101,Sur,64,31.28,72,2025-04-10,2025-04-13,2025-04-15,Entregado
PED-10977,CLI-1040,PROD-103,TR-102,Este,469,33.81,544,2025-07-03,2025-07-07,,Cancelado
PED-10978,CLI-1033,PROD-127,TR-102,Oeste,162,12.71,62,2024-11-13,2024-11-17,2024-11-18,Entregado
PED-10979,CLI-1079,PROD-118,TR-102,Centro,176,8.7,45,2025-05-29,2025-06-02,2025-06-02,Entregado
PED-10980,CLI-1036,PROD-114,TR-101,Este,903,32.62,362,2026-04-24,2026-04-27,2026-04-26,Entregado
PED-10981,CLI-1125,PROD-114,TR-104,Centro,602,31.85,543,2025-08-12,2025-08-16,2025-08-18,Entregado
PED-10982,CLI-1076,PROD-112,TR-102,Norte,642,20.63,212,2025-03-01,2025-03-05,,Cancelado
PED-10983,CLI-1046,PROD-122,TR-101,Norte,210,15.76,107,2025-02-06,2025-02-09,2025-02-08,Entregado
PED-10984,CLI-1137,PROD-109,TR-101,Oeste,1726,34.8,1116,2025-12-15,2025-12-18,2025-12-17,Entregado
PED-10985,CLI-1141,PROD-103,TR-103,Norte,938,20.45,544,2024-03-19,2024-03-24,2024-03-25,Entregado
PED-10986,CLI-1129,PROD-101,TR-104,Centro,134,28.27,38,2024-01-28,2024-02-01,,Cancelado
PED-10987,CLI-1101,PROD-101,TR-101,Norte,134,28.34,57,2024-09-13,2024-09-16,2024-09-20,Entregado
PED-10988,CLI-1017,PROD-102,TR-102,Este,1686,30.8,1126,2025-12-31,2026-01-04,2026-01-03,Entregado
PED-10989,CLI-1043,PROD-126,TR-101,Centro,852,28.15,1686,2025-09-13,2025-09-16,2025-09-20,Entregado
PED-10990,CLI-1002,PROD-121,TR-103,Sur,64,9.41,108,2024-06-06,2024-06-11,2024-06-10,Entregado
PED-10991,CLI-1136,PROD-106,TR-104,Sur,1734,16.67,1677,2025-12-14,2025-12-18,2025-12-20,Entregado
PED-10992,CLI-1001,PROD-101,TR-104,Oeste,134,13.8,19,2026-02-24,2026-02-28,2026-02-27,Entregado
PED-10993,CLI-1004,PROD-113,TR-101,Sur,633,10.17,306,2024-01-15,2024-01-18,2024-01-17,Entregado
PED-10994,CLI-1024,PROD-125,TR-102,Sur,2574,30.11,551,2026-01-11,2026-01-15,2026-01-15,Entregado
PED-10995,CLI-1082,PROD-117,TR-102,Centro,918,11.7,544,2025-10-01,2025-10-05,2025-10-06,Entregado
PED-10996,CLI-1091,PROD-110,TR-102,Norte,205,14.14,248,2024-01-16,2024-01-20,2024-01-20,Entregado
PED-10997,CLI-1056,PROD-102,TR-103,Este,843,19.39,563,2025-10-27,2025-11-01,2025-10-31,Entregado
PED-10998,CLI-1127,PROD-103,TR-102,Este,938,26.95,816,2024-09-14,2024-09-18,2024-09-19,Entregado
PED-10999,CLI-1034,PROD-110,TR-102,Este,410,21.28,372,2025-10-12,2025-10-16,2025-10-17,Entregado
PED-11000,CLI-1149,PROD-114,TR-104,Sur,903,27.17,543,2025-06-07,2025-06-11,2025-06-10,Entregado
PED-11001,CLI-1003,PROD-107,TR-101,Norte,940,28.05,276,2025-09-23,2025-09-26,2025-09-25,Entregado
PED-11002,CLI-1062,PROD-119,TR-101,Centro,186,12.52,43,2024-03-02,2024-03-05,2024-03-05,Entregado
PED-11003,CLI-1052,PROD-120,TR-101,Oeste,1678,31.75,1623,2024-08-31,2024-09-03,2024-09-04,Entregado
PED-11004,CLI-1081,PROD-120,TR-101,Oeste,2517,28.39,1082,2025-06-17,2025-06-20,2025-06-20,Entregado
PED-11005,CLI-1058,PROD-127,TR-103,Norte,54,34.69,93,2024-12-16,2024-12-21,2024-12-22,Entregado
PED-11006,CLI-1056,PROD-119,TR-104,Este,279,10.21,43,2025-06-17,2025-06-21,2025-06-21,Entregado
PED-11007,CLI-1125,PROD-102,TR-102,Centro,843,10.93,563,2024-02-23,2024-02-27,2024-02-26,Entregado
PED-11008,CLI-1140,PROD-126,TR-102,Oeste,2556,16.75,1124,2024-08-29,2024-09-02,2024-09-02,Entregado
PED-11009,CLI-1050,PROD-107,TR-104,Este,940,20.38,828,2024-06-29,2024-07-03,2024-07-03,Entregado
PED-11010,CLI-1051,PROD-108,TR-104,Centro,168,12.95,50,2024-03-22,2024-03-26,2024-03-26,Entregado
PED-11011,CLI-1112,PROD-113,TR-104,Este,211,19.83,204,2026-02-17,2026-02-21,2026-02-21,Entregado
PED-11012,CLI-1021,PROD-124,TR-103,Sur,1005,15.32,181,2025-09-01,2025-09-06,2025-09-07,Entregado
PED-11013,CLI-1116,PROD-109,TR-104,Centro,1726,27.44,558,2025-07-29,2025-08-02,2025-08-01,Entregado
PED-11014,CLI-1050,PROD-104,TR-102,Este,194,33.03,52,2024-01-05,2024-01-09,,Cancelado
PED-11015,CLI-1095,PROD-112,TR-104,Sur,214,31.95,212,2024-11-11,2024-11-15,,Cancelado
PED-11016,CLI-1031,PROD-112,TR-102,Norte,642,22.0,212,2024-07-17,2024-07-21,2024-07-21,Entregado
PED-11017,CLI-1125,PROD-120,TR-103,Centro,1678,15.04,1623,2025-12-14,2025-12-19,2025-12-24,Entregado
PED-11018,CLI-1092,PROD-120,TR-101,Oeste,1678,20.57,1623,2025-12-15,2025-12-18,2025-12-17,Entregado
PED-11019,CLI-1037,PROD-108,TR-102,Sur,84,11.59,25,2025-09-08,2025-09-12,2025-09-13,Entregado
PED-11020,CLI-1098,PROD-112,TR-101,Sur,214,15.2,212,2025-06-14,2025-06-17,2025-06-17,Entregado
PED-11021,CLI-1077,PROD-116,TR-104,Norte,1392,11.4,287,2025-08-23,2025-08-27,2025-08-27,Entregado
PED-11022,CLI-1146,PROD-124,TR-103,Norte,335,19.05,543,2026-04-13,2026-04-18,2026-04-19,Entregado
PED-11023,CLI-1043,PROD-126,TR-104,Centro,2556,25.84,1124,2024-01-02,2024-01-06,2024-01-11,Entregado
PED-11024,CLI-1043,PROD-105,TR-103,Centro,880,21.82,276,2024-07-09,2024-07-14,2024-07-13,Entregado
PED-11025,CLI-1028,PROD-114,TR-102,Sur,301,15.37,181,2024-07-09,2024-07-13,,Cancelado
PED-11026,CLI-1104,PROD-114,TR-101,Sur,602,18.51,181,2026-06-08,2026-06-11,2026-06-10,Entregado
PED-11027,CLI-1070,PROD-102,TR-103,Sur,1686,28.65,1689,2024-01-31,2024-02-05,2024-02-05,Entregado
PED-11028,CLI-1002,PROD-101,TR-103,Sur,201,11.07,19,2026-02-08,2026-02-13,2026-02-14,Entregado
PED-11029,CLI-1001,PROD-112,TR-103,Oeste,642,17.42,212,2025-05-12,2025-05-17,2025-05-17,Entregado
PED-11030,CLI-1087,PROD-110,TR-102,Sur,615,34.35,124,2025-01-04,2025-01-08,2025-01-08,Entregado
PED-11031,CLI-1084,PROD-125,TR-101,Oeste,1716,30.64,1653,2024-01-04,2024-01-07,,Cancelado
PED-11032,CLI-1006,PROD-119,TR-101,Centro,93,20.48,86,2026-06-08,2026-06-11,2026-06-12,Entregado
PED-11033,CLI-1121,PROD-116,TR-104,Oeste,928,25.3,287,2025-11-07,2025-11-11,,Cancelado
PED-11034,CLI-1083,PROD-121,TR-104,Oeste,192,29.54,108,2024-08-27,2024-08-31,2024-08-31,Entregado
PED-11035,CLI-1089,PROD-113,TR-104,Este,633,16.29,204,2025-11-05,2025-11-09,2025-11-08,Entregado
PED-11036,CLI-1049,PROD-122,TR-102,Oeste,630,9.34,321,2026-06-09,2026-06-13,2026-06-14,Entregado
PED-11037,CLI-1022,PROD-109,TR-104,Norte,1726,22.83,1674,2024-06-21,2024-06-25,2024-06-24,Entregado
PED-11038,CLI-1062,PROD-106,TR-102,Centro,867,20.02,559,2026-02-10,2026-02-14,2026-02-15,Entregado
PED-11039,CLI-1041,PROD-129,TR-103,Sur,195,26.15,34,2025-01-27,2025-02-01,2025-01-31,Entregado
PED-11040,CLI-1031,PROD-121,TR-102,Norte,64,17.32,108,2025-07-01,2025-07-05,2025-07-05,Entregado
PED-11041,CLI-1057,PROD-129,TR-101,Norte,195,29.3,51,2025-10-21,2025-10-24,,Cancelado
PED-11042,CLI-1111,PROD-125,TR-102,Este,858,10.86,551,2024-08-16,2024-08-20,2024-08-20,Entregado
PED-11043,CLI-1048,PROD-123,TR-101,Norte,918,28.03,834,2025-08-09,2025-08-12,2025-08-17,Entregado
PED-11044,CLI-1137,PROD-106,TR-104,Oeste,2601,22.27,559,2025-03-09,2025-03-13,2025-03-13,Entregado
PED-11045,CLI-1056,PROD-103,TR-104,Este,938,30.13,272,2024-01-10,2024-01-14,2024-01-14,Entregado
PED-11046,CLI-1075,PROD-126,TR-102,Oeste,2556,12.37,1124,2025-05-26,2025-05-30,2025-05-29,Entregado
PED-11047,CLI-1008,PROD-119,TR-103,Centro,93,34.92,86,2024-11-12,2024-11-17,2024-11-18,Entregado
PED-11048,CLI-1122,PROD-120,TR-102,Centro,839,12.55,1082,2025-05-21,2025-05-25,2025-05-25,Entregado
PED-11049,CLI-1053,PROD-127,TR-102,Este,108,18.88,93,2025-12-18,2025-12-22,2025-12-21,Entregado
PED-11050,CLI-1040,PROD-100,TR-104,Este,114,18.86,24,2024-12-11,2024-12-15,2024-12-15,Entregado
PED-11051,CLI-1135,PROD-123,TR-103,Sur,1377,18.93,834,2024-10-16,2024-10-21,2024-10-20,Entregado
PED-11052,CLI-1033,PROD-110,TR-101,Oeste,410,12.84,372,2026-05-20,2026-05-23,2026-05-23,Entregado
PED-11053,CLI-1035,PROD-114,TR-104,Centro,301,13.68,543,2024-10-25,2024-10-29,2024-10-28,Entregado
PED-11054,CLI-1002,PROD-111,TR-101,Sur,1724,26.51,1100,2025-11-25,2025-11-28,2025-11-27,Entregado
PED-11055,CLI-1043,PROD-129,TR-101,Centro,65,11.61,17,2024-04-08,2024-04-11,2024-04-11,Entregado
PED-11056,CLI-1131,PROD-120,TR-103,Sur,2517,19.21,1623,2025-08-30,2025-09-04,2025-09-03,Entregado
PED-11057,CLI-1008,PROD-103,TR-102,Centro,1407,25.8,272,2025-02-10,2025-02-14,2025-02-15,Entregado
PED-11058,CLI-1022,PROD-124,TR-104,Norte,670,25.81,543,2026-06-04,2026-06-08,2026-06-08,Entregado
PED-11059,CLI-1094,PROD-100,TR-101,Oeste,171,32.57,36,2024-04-29,2024-05-02,2024-05-07,Entregado
PED-11060,CLI-1146,PROD-118,TR-104,Norte,264,18.67,45,2024-10-07,2024-10-11,2024-10-10,Entregado
PED-11061,CLI-1111,PROD-109,TR-102,Este,2589,19.24,558,2024-04-11,2024-04-15,2024-04-16,Entregado
PED-11062,CLI-1100,PROD-117,TR-104,Oeste,1377,30.2,816,2024-03-06,2024-03-10,2024-03-11,Entregado
PED-11063,CLI-1053,PROD-121,TR-101,Este,64,23.2,36,2024-07-04,2024-07-07,2024-07-08,Entregado
PED-11064,CLI-1031,PROD-101,TR-102,Norte,67,15.3,57,2025-08-11,2025-08-15,2025-08-14,Entregado
PED-11065,CLI-1008,PROD-102,TR-101,Centro,843,34.39,1126,2025-06-02,2025-06-05,2025-06-06,Entregado
PED-11066,CLI-1063,PROD-109,TR-101,Centro,2589,20.29,1674,2025-06-15,2025-06-18,2025-06-18,Entregado
PED-11067,CLI-1147,PROD-115,TR-103,Oeste,729,22.03,324,2025-06-19,2025-06-24,2025-06-24,Entregado
PED-11068,CLI-1025,PROD-121,TR-101,Oeste,128,33.87,36,2024-08-30,2024-09-02,2024-09-05,Entregado
PED-11069,CLI-1055,PROD-118,TR-103,Este,176,23.07,45,2024-10-11,2024-10-16,2024-10-17,Entregado
PED-11070,CLI-1041,PROD-112,TR-104,Sur,428,12.3,318,2024-03-26,2024-03-30,2024-03-31,Entregado
PED-11071,CLI-1068,PROD-120,TR-102,Este,2517,24.53,1623,2026-01-01,2026-01-05,2026-01-06,Entregado
PED-11072,CLI-1039,PROD-110,TR-104,Centro,205,11.8,248,2025-01-23,2025-01-27,2025-01-30,Entregado
PED-11073,CLI-1140,PROD-113,TR-101,Oeste,422,12.38,204,2024-12-03,2024-12-06,2024-12-06,Entregado
PED-11074,CLI-1057,PROD-108,TR-101,Norte,168,29.24,25,2024-04-10,2024-04-13,2024-04-17,Entregado
PED-11075,CLI-1134,PROD-123,TR-103,Sur,459,17.75,834,2025-08-25,2025-08-30,2025-08-30,Entregado
PED-11076,CLI-1146,PROD-127,TR-103,Norte,54,16.93,31,2025-07-18,2025-07-23,2025-07-22,Entregado
PED-11077,CLI-1099,PROD-105,TR-103,Oeste,1320,31.87,828,2026-04-05,2026-04-10,2026-04-11,Entregado
PED-11078,CLI-1032,PROD-108,TR-101,Centro,252,12.28,25,2025-12-04,2025-12-07,2025-12-06,Entregado
PED-11079,CLI-1145,PROD-123,TR-103,Oeste,918,29.1,834,2024-02-24,2024-02-29,2024-03-01,Entregado
PED-11080,CLI-1107,PROD-122,TR-104,Sur,420,16.1,321,2024-07-06,2024-07-10,2024-07-10,Entregado
PED-11081,CLI-1109,PROD-116,TR-102,Norte,928,28.92,574,2024-11-08,2024-11-12,2024-11-11,Entregado
PED-11082,CLI-1023,PROD-120,TR-101,Centro,839,10.02,1623,2024-03-19,2024-03-22,2024-03-21,Entregado
PED-11083,CLI-1073,PROD-117,TR-104,Este,1377,33.21,816,2026-04-07,2026-04-11,2026-04-11,Entregado
PED-11084,CLI-1034,PROD-115,TR-104,Este,729,11.8,324,2025-06-11,2025-06-15,2025-06-16,Entregado
PED-11085,CLI-1048,PROD-129,TR-101,Norte,65,26.02,51,2026-01-01,2026-01-04,,Cancelado
PED-11086,CLI-1135,PROD-121,TR-101,Sur,192,32.45,108,2025-09-13,2025-09-16,2025-09-15,Entregado
PED-11087,CLI-1044,PROD-102,TR-103,Norte,843,21.63,1126,2026-05-09,2026-05-14,2026-05-14,Entregado
PED-11088,CLI-1043,PROD-111,TR-101,Centro,2586,16.19,550,2024-12-12,2024-12-15,2024-12-14,Entregado
PED-11089,CLI-1123,PROD-109,TR-103,Este,863,33.12,1116,2024-08-06,2024-08-11,,Cancelado
PED-11090,CLI-1131,PROD-126,TR-101,Sur,852,8.66,1124,2025-04-19,2025-04-22,2025-04-22,Entregado
PED-11091,CLI-1117,PROD-110,TR-103,Norte,615,19.15,124,2024-12-28,2025-01-02,2025-01-06,Entregado
PED-11092,CLI-1110,PROD-115,TR-102,Sur,486,32.7,108,2024-03-27,2024-03-31,2024-03-30,Entregado
PED-11093,CLI-1001,PROD-104,TR-103,Oeste,194,19.85,52,2024-08-19,2024-08-24,2024-08-24,Entregado
PED-11094,CLI-1046,PROD-117,TR-103,Norte,918,12.21,272,2024-04-21,2024-04-26,2024-04-27,Entregado
PED-11095,CLI-1001,PROD-111,TR-102,Oeste,862,19.66,1100,2024-04-23,2024-04-27,2024-04-26,Entregado
PED-11096,CLI-1084,PROD-128,TR-101,Oeste,180,11.65,58,2024-06-13,2024-06-16,2024-06-16,Entregado
PED-11097,CLI-1125,PROD-117,TR-104,Centro,918,21.8,544,2026-03-30,2026-04-03,2026-04-02,Entregado
PED-11098,CLI-1099,PROD-104,TR-101,Oeste,97,21.75,52,2024-04-20,2024-04-23,2024-04-22,Entregado
PED-11099,CLI-1060,PROD-101,TR-103,Centro,67,21.23,38,2025-03-15,2025-03-20,2025-03-21,Entregado
PED-11100,CLI-1021,PROD-124,TR-104,Sur,1005,15.11,181,2024-09-10,2024-09-14,2024-09-15,Entregado
PED-11101,CLI-1067,PROD-122,TR-102,Este,420,29.24,321,2025-11-13,2025-11-17,2025-11-16,Entregado
PED-11102,CLI-1026,PROD-122,TR-102,Sur,630,12.44,321,2024-07-12,2024-07-16,2024-07-17,Entregado
PED-11103,CLI-1102,PROD-101,TR-103,Norte,67,13.79,57,2024-07-15,2024-07-20,2024-07-20,Entregado
PED-11104,CLI-1013,PROD-112,TR-104,Centro,214,17.41,106,2025-06-21,2025-06-25,2025-06-26,Entregado
PED-11105,CLI-1130,PROD-113,TR-101,Centro,422,27.36,204,2024-11-07,2024-11-10,2024-11-14,Entregado
PED-11106,CLI-1012,PROD-105,TR-101,Este,440,21.01,552,2024-01-01,2024-01-04,,Cancelado
PED-11107,CLI-1025,PROD-113,TR-102,Oeste,422,11.46,204,2024-09-15,2024-09-19,2024-09-19,Entregado
PED-11108,CLI-1003,PROD-121,TR-102,Norte,192,22.51,108,2024-12-05,2024-12-09,2024-12-09,Entregado
PED-11109,CLI-1095,PROD-107,TR-103,Sur,470,25.18,276,2024-08-03,2024-08-08,2024-08-07,Entregado
PED-11110,CLI-1030,PROD-101,TR-102,Sur,67,24.9,57,2024-07-16,2024-07-20,2024-07-19,Entregado
PED-11111,CLI-1077,PROD-123,TR-104,Norte,459,11.89,278,2026-02-18,2026-02-22,2026-02-23,Entregado
PED-11112,CLI-1064,PROD-128,TR-103,Oeste,60,10.29,58,2025-01-09,2025-01-14,2025-01-15,Entregado
PED-11113,CLI-1128,PROD-125,TR-101,Este,858,9.7,1102,2024-06-19,2024-06-22,2024-06-23,Entregado
PED-11114,CLI-1048,PROD-123,TR-104,Norte,459,20.1,278,2025-05-21,2025-05-25,2025-05-26,Entregado
PED-11115,CLI-1143,PROD-124,TR-104,Centro,335,12.74,181,2025-02-14,2025-02-18,2025-02-17,Entregado
PED-11116,CLI-1055,PROD-118,TR-101,Este,176,27.26,135,2026-06-19,2026-06-22,2026-06-23,Entregado
PED-11117,CLI-1077,PROD-127,TR-102,Norte,54,14.43,31,2024-10-30,2024-11-03,2024-11-04,Entregado
PED-11118,CLI-1074,PROD-101,TR-102,Sur,134,25.52,19,2026-06-23,2026-06-27,2026-06-26,Entregado
PED-11119,CLI-1063,PROD-126,TR-102,Centro,2556,34.26,1686,2025-07-01,2025-07-05,2025-07-09,Entregado
PED-11120,CLI-1140,PROD-108,TR-102,Oeste,168,25.09,25,2025-02-22,2025-02-26,2025-02-26,Entregado
PED-11121,CLI-1002,PROD-126,TR-103,Sur,852,34.25,1124,2024-08-12,2024-08-17,2024-08-17,Entregado
PED-11122,CLI-1137,PROD-121,TR-101,Oeste,192,31.56,72,2026-01-09,2026-01-12,2026-01-12,Entregado
PED-11123,CLI-1141,PROD-106,TR-104,Norte,2601,29.9,1677,2024-08-13,2024-08-17,2024-08-16,Entregado
PED-11124,CLI-1101,PROD-104,TR-104,Norte,194,32.41,26,2024-08-25,2024-08-29,2024-08-29,Entregado
PED-11125,CLI-1023,PROD-115,TR-102,Centro,243,21.5,324,2025-04-15,2025-04-19,2025-04-18,Entregado
PED-11126,CLI-1046,PROD-120,TR-103,Norte,1678,24.61,1623,2024-01-22,2024-01-27,2024-01-26,Entregado
PED-11127,CLI-1017,PROD-104,TR-101,Este,194,27.69,26,2025-03-12,2025-03-15,2025-03-16,Entregado
PED-11128,CLI-1003,PROD-119,TR-101,Norte,93,33.27,129,2025-01-21,2025-01-24,2025-01-27,Entregado
PED-11129,CLI-1021,PROD-108,TR-102,Sur,84,28.01,75,2025-10-04,2025-10-08,2025-10-07,Entregado
PED-11130,CLI-1086,PROD-127,TR-101,Oeste,108,16.65,31,2024-07-26,2024-07-29,2024-07-30,Entregado
PED-11131,CLI-1062,PROD-101,TR-103,Centro,67,22.93,19,2025-10-04,2025-10-09,2025-10-08,Entregado
PED-11132,CLI-1026,PROD-116,TR-104,Sur,464,19.82,287,2024-05-25,2024-05-29,2024-06-01,Entregado
PED-11133,CLI-1073,PROD-107,TR-104,Este,940,34.76,276,2025-12-04,2025-12-08,2025-12-07,Entregado
PED-11134,CLI-1057,PROD-103,TR-103,Norte,469,32.97,544,2024-12-31,2025-01-05,,Cancelado
PED-11135,CLI-1011,PROD-119,TR-102,Oeste,279,26.5,43,2024-07-01,2024-07-05,2024-07-05,Entregado
PED-11136,CLI-1038,PROD-128,TR-103,Este,60,32.78,58,2025-10-01,2025-10-06,2025-10-06,Entregado
PED-11137,CLI-1094,PROD-129,TR-103,Oeste,65,29.11,17,2026-04-10,2026-04-15,2026-04-14,Entregado
PED-11138,CLI-1037,PROD-110,TR-102,Sur,205,23.81,124,2025-02-03,2025-02-07,2025-02-07,Entregado
PED-11139,CLI-1071,PROD-104,TR-101,Este,194,16.96,52,2024-11-26,2024-11-29,2024-11-28,Entregado
PED-11140,CLI-1108,PROD-115,TR-104,Este,243,32.92,324,2025-09-08,2025-09-12,2025-09-12,Entregado
PED-11141,CLI-1098,PROD-113,TR-104,Sur,633,18.69,102,2025-07-05,2025-07-09,2025-07-10,Entregado
PED-11142,CLI-1107,PROD-116,TR-102,Sur,464,34.84,287,2025-12-20,2025-12-24,2025-12-28,Entregado
PED-11143,CLI-1142,PROD-115,TR-102,Norte,486,16.31,108,2024-04-22,2024-04-26,2024-04-30,Entregado
PED-11144,CLI-1141,PROD-129,TR-104,Norte,65,12.15,51,2024-09-05,2024-09-09,2024-09-08,Entregado
PED-11145,CLI-1036,PROD-112,TR-101,Este,214,11.31,318,2025-12-13,2025-12-16,2025-12-16,Entregado
PED-11146,CLI-1148,PROD-102,TR-104,Este,843,18.18,563,2026-05-07,2026-05-11,2026-05-10,Entregado
PED-11147,CLI-1020,PROD-107,TR-101,Norte,470,20.95,276,2024-01-13,2024-01-16,2024-01-18,Entregado
PED-11148,CLI-1135,PROD-122,TR-103,Sur,420,26.92,321,2025-04-26,2025-05-01,2025-05-01,Entregado
PED-11149,CLI-1073,PROD-103,TR-102,Este,1407,21.84,272,2024-03-02,2024-03-06,2024-03-05,Entregado
PED-11150,CLI-1002,PROD-112,TR-104,Sur,642,30.48,318,2025-11-27,2025-12-01,2025-12-01,Entregado
PED-11151,CLI-1146,PROD-116,TR-103,Norte,928,22.32,287,2025-12-27,2026-01-01,2025-12-31,Entregado
PED-11152,CLI-1032,PROD-123,TR-102,Centro,918,30.3,278,2025-02-14,2025-02-18,2025-02-17,Entregado
PED-11153,CLI-1143,PROD-119,TR-101,Centro,186,25.51,129,2026-04-16,2026-04-19,2026-04-19,Entregado
PED-11154,CLI-1097,PROD-105,TR-101,Este,440,11.37,552,2026-04-02,2026-04-05,2026-04-05,Entregado
PED-11155,CLI-1019,PROD-111,TR-103,Oeste,2586,10.23,550,2024-01-29,2024-02-03,2024-02-02,Entregado
PED-11156,CLI-1002,PROD-124,TR-103,Sur,335,15.63,181,2024-07-11,2024-07-16,,Cancelado
PED-11157,CLI-1144,PROD-101,TR-104,Norte,134,34.48,19,2024-02-16,2024-02-20,2024-02-22,Entregado
PED-11158,CLI-1101,PROD-116,TR-102,Norte,928,27.12,287,2024-11-18,2024-11-22,2024-11-23,Entregado
PED-11159,CLI-1104,PROD-128,TR-101,Sur,60,29.6,87,2025-05-29,2025-06-01,2025-05-31,Entregado
PED-11160,CLI-1122,PROD-118,TR-101,Centro,176,31.96,45,2024-10-24,2024-10-27,2024-10-28,Entregado
PED-11161,CLI-1059,PROD-128,TR-102,Sur,180,34.83,29,2026-04-06,2026-04-10,2026-04-09,Entregado
PED-11162,CLI-1128,PROD-116,TR-103,Este,928,25.02,574,2025-04-03,2025-04-08,2025-04-08,Entregado
PED-11163,CLI-1110,PROD-101,TR-104,Sur,201,33.89,19,2024-09-01,2024-09-05,2024-09-06,Entregado
PED-11164,CLI-1127,PROD-103,TR-101,Este,1407,21.72,272,2024-05-26,2024-05-29,2024-05-29,Entregado
PED-11165,CLI-1116,PROD-110,TR-102,Centro,615,17.86,248,2024-10-29,2024-11-02,2024-11-02,Entregado
PED-11166,CLI-1018,PROD-105,TR-104,Este,880,32.99,828,2024-09-21,2024-09-25,2024-09-25,Entregado
PED-11167,CLI-1031,PROD-118,TR-104,Norte,176,31.21,90,2024-02-10,2024-02-14,2024-02-14,Entregado
PED-11168,CLI-1033,PROD-114,TR-103,Oeste,602,26.58,181,2025-06-08,2025-06-13,2025-06-13,Entregado
PED-11169,CLI-1129,PROD-114,TR-103,Centro,301,34.4,543,2026-06-17,2026-06-22,2026-06-23,Entregado
PED-11170,CLI-1062,PROD-122,TR-101,Centro,420,23.61,107,2024-06-07,2024-06-10,2024-06-10,Entregado
PED-11171,CLI-1018,PROD-107,TR-104,Este,940,20.91,552,2026-06-14,2026-06-18,2026-06-17,Entregado
PED-11172,CLI-1136,PROD-128,TR-104,Sur,120,13.79,58,2024-04-21,2024-04-25,2024-04-27,Entregado
PED-11173,CLI-1081,PROD-110,TR-104,Oeste,205,20.55,248,2024-08-05,2024-08-09,2024-08-09,Entregado
PED-11174,CLI-1139,PROD-104,TR-104,Oeste,291,34.68,26,2024-05-29,2024-06-02,2024-06-02,Entregado
PED-11175,CLI-1097,PROD-101,TR-103,Este,67,14.1,19,2026-03-19,2026-03-24,2026-03-24,Entregado
PED-11176,CLI-1005,PROD-124,TR-104,Oeste,335,10.34,181,2024-10-03,2024-10-07,2024-10-06,Entregado
PED-11177,CLI-1103,PROD-102,TR-103,Oeste,2529,26.25,563,2026-06-13,2026-06-18,2026-06-18,Entregado
PED-11178,CLI-1066,PROD-105,TR-101,Centro,880,12.86,552,2024-04-04,2024-04-07,2024-04-07,Entregado
PED-11179,CLI-1089,PROD-113,TR-104,Este,633,17.9,204,2025-05-01,2025-05-05,2025-05-04,Entregado
PED-11180,CLI-1146,PROD-112,TR-101,Norte,214,26.2,318,2025-07-28,2025-07-31,2025-07-31,Entregado
PED-11181,CLI-1037,PROD-110,TR-103,Sur,205,31.4,248,2024-01-15,2024-01-20,2024-01-20,Entregado
PED-11182,CLI-1029,PROD-125,TR-104,Oeste,1716,25.31,551,2024-09-26,2024-09-30,2024-09-29,Entregado
PED-11183,CLI-1148,PROD-103,TR-101,Este,938,22.97,816,2024-08-11,2024-08-14,2024-08-13,Entregado
PED-11184,CLI-1042,PROD-119,TR-104,Este,279,33.81,129,2024-08-09,2024-08-13,2024-08-12,Entregado
PED-11185,CLI-1094,PROD-126,TR-103,Oeste,2556,27.03,562,2024-01-17,2024-01-22,2024-01-22,Entregado
PED-11186,CLI-1116,PROD-113,TR-104,Centro,422,34.31,306,2024-12-26,2024-12-30,2024-12-31,Entregado
PED-11187,CLI-1045,PROD-114,TR-104,Centro,301,20.05,543,2025-01-17,2025-01-21,2025-01-22,Entregado
PED-11188,CLI-1111,PROD-120,TR-103,Este,839,10.88,541,2025-12-19,2025-12-24,2025-12-23,Entregado
PED-11189,CLI-1004,PROD-119,TR-104,Sur,279,25.29,43,2024-04-16,2024-04-20,2024-04-21,Entregado
PED-11190,CLI-1008,PROD-121,TR-103,Centro,128,18.6,108,2026-05-22,2026-05-27,2026-05-26,Entregado
PED-11191,CLI-1050,PROD-127,TR-104,Este,108,27.15,93,2024-05-07,2024-05-11,2024-05-11,Entregado
PED-11192,CLI-1101,PROD-100,TR-103,Norte,114,15.51,36,2026-03-11,2026-03-16,2026-03-16,Entregado
PED-11193,CLI-1106,PROD-121,TR-102,Sur,64,9.2,36,2024-01-05,2024-01-09,2024-01-09,Entregado
PED-11194,CLI-1095,PROD-126,TR-103,Sur,1704,23.23,562,2024-12-09,2024-12-14,2024-12-15,Entregado
PED-11195,CLI-1100,PROD-126,TR-101,Oeste,852,18.85,1686,2026-03-31,2026-04-03,2026-04-03,Entregado
PED-11196,CLI-1044,PROD-112,TR-103,Norte,214,29.73,318,2025-06-13,2025-06-18,2025-06-17,Entregado
PED-11197,CLI-1129,PROD-103,TR-104,Centro,1407,33.64,272,2026-05-13,2026-05-17,2026-05-17,Entregado
PED-11198,CLI-1052,PROD-102,TR-101,Oeste,2529,9.24,563,2024-01-27,2024-01-30,2024-01-31,Entregado
PED-11199,CLI-1020,PROD-118,TR-104,Norte,176,25.23,135,2024-01-26,2024-01-30,2024-01-29,Entregado
PED-11200,CLI-1091,PROD-105,TR-102,Norte,440,30.77,828,2025-10-30,2025-11-03,2025-11-03,Entregado
PED-11201,CLI-1096,PROD-124,TR-103,Sur,335,9.11,543,2025-11-06,2025-11-11,,Cancelado
PED-11202,CLI-1026,PROD-103,TR-104,Sur,938,32.21,544,2025-09-02,2025-09-06,2025-09-05,Entregado
PED-11203,CLI-1023,PROD-102,TR-104,Centro,1686,21.51,563,2026-05-14,2026-05-18,2026-05-17,Entregado
PED-11204,CLI-1005,PROD-113,TR-101,Oeste,211,19.63,306,2025-05-13,2025-05-16,2025-05-15,Entregado
PED-11205,CLI-1080,PROD-120,TR-104,Norte,839,25.98,541,2026-04-07,2026-04-11,2026-04-11,Entregado
PED-11206,CLI-1008,PROD-103,TR-103,Centro,1407,8.63,816,2024-12-21,2024-12-26,2024-12-27,Entregado
PED-11207,CLI-1065,PROD-129,TR-101,Oeste,65,22.06,51,2024-07-16,2024-07-19,2024-07-20,Entregado
PED-11208,CLI-1093,PROD-103,TR-102,Norte,469,26.83,816,2024-01-31,2024-02-04,2024-02-03,Entregado
PED-11209,CLI-1032,PROD-108,TR-103,Centro,168,23.11,75,2025-05-08,2025-05-13,2025-05-12,Entregado
PED-11210,CLI-1075,PROD-114,TR-104,Oeste,301,13.08,362,2025-03-22,2025-03-26,2025-03-26,Entregado
PED-11211,CLI-1071,PROD-112,TR-101,Este,428,29.54,106,2025-08-20,2025-08-23,,Cancelado
PED-11212,CLI-1124,PROD-113,TR-104,Sur,422,11.35,306,2025-03-09,2025-03-13,2025-03-13,Entregado
PED-11213,CLI-1098,PROD-113,TR-102,Sur,211,12.93,204,2025-08-03,2025-08-07,2025-08-08,Entregado
PED-11214,CLI-1130,PROD-108,TR-104,Centro,252,19.06,50,2024-10-27,2024-10-31,2024-11-01,Entregado
PED-11215,CLI-1082,PROD-113,TR-102,Centro,633,18.36,204,2025-01-01,2025-01-05,2025-01-04,Entregado
PED-11216,CLI-1080,PROD-103,TR-101,Norte,469,23.54,544,2024-11-22,2024-11-25,2024-11-26,Entregado
PED-11217,CLI-1059,PROD-117,TR-101,Sur,1377,11.23,272,2025-01-29,2025-02-01,2025-01-31,Entregado
PED-11218,CLI-1071,PROD-122,TR-101,Este,630,16.92,214,2025-08-10,2025-08-13,2025-08-13,Entregado
PED-11219,CLI-1081,PROD-106,TR-102,Oeste,867,19.66,1118,2024-02-20,2024-02-24,2024-02-24,Entregado
PED-11220,CLI-1031,PROD-114,TR-102,Norte,301,9.06,543,2025-09-07,2025-09-11,2025-09-11,Entregado
PED-11221,CLI-1004,PROD-120,TR-101,Sur,839,32.83,1623,2025-04-17,2025-04-20,2025-04-20,Entregado
PED-11222,CLI-1010,PROD-110,TR-101,Oeste,615,15.78,248,2024-03-12,2024-03-15,2024-03-15,Entregado
PED-11223,CLI-1088,PROD-112,TR-101,Sur,642,18.92,106,2025-07-23,2025-07-26,2025-07-26,Entregado
PED-11224,CLI-1116,PROD-115,TR-101,Centro,243,14.44,108,2026-05-13,2026-05-16,2026-05-17,Entregado
PED-11225,CLI-1035,PROD-103,TR-103,Centro,469,10.83,272,2026-06-01,2026-06-06,2026-06-06,Entregado
PED-11226,CLI-1094,PROD-126,TR-101,Oeste,852,9.77,562,2025-12-05,2025-12-08,2025-12-08,Entregado
PED-11227,CLI-1077,PROD-102,TR-103,Norte,1686,13.01,1689,2024-12-03,2024-12-08,2024-12-08,Entregado
PED-11228,CLI-1035,PROD-118,TR-104,Centro,264,25.38,90,2024-05-02,2024-05-06,2024-05-05,Entregado
PED-11229,CLI-1031,PROD-116,TR-102,Norte,928,28.98,574,2025-08-14,2025-08-18,2025-08-18,Entregado
PED-11230,CLI-1123,PROD-107,TR-101,Este,470,23.3,552,2024-09-27,2024-09-30,,Cancelado
PED-11231,CLI-1052,PROD-122,TR-101,Oeste,210,26.27,107,2024-03-17,2024-03-20,2024-03-19,Entregado
PED-11232,CLI-1119,PROD-126,TR-104,Centro,852,28.68,1686,2024-07-11,2024-07-15,2024-07-15,Entregado
PED-11233,CLI-1131,PROD-127,TR-103,Sur,108,12.58,93,2026-02-17,2026-02-22,2026-02-23,Entregado
PED-11234,CLI-1033,PROD-107,TR-103,Oeste,1410,29.17,276,2025-01-29,2025-02-03,2025-02-04,Entregado
PED-11235,CLI-1071,PROD-113,TR-102,Este,633,12.4,102,2025-12-03,2025-12-07,,Cancelado
PED-11236,CLI-1028,PROD-107,TR-101,Sur,940,22.57,828,2025-04-16,2025-04-19,2025-04-18,Entregado
PED-11237,CLI-1090,PROD-108,TR-101,Sur,84,19.02,25,2025-07-17,2025-07-20,2025-07-25,Entregado
PED-11238,CLI-1085,PROD-101,TR-104,Norte,201,27.9,38,2024-10-06,2024-10-10,2024-10-09,Entregado
PED-11239,CLI-1108,PROD-106,TR-103,Este,1734,24.6,1677,2024-07-12,2024-07-17,2024-07-18,Entregado
PED-11240,CLI-1027,PROD-121,TR-101,Oeste,64,9.91,36,2025-10-23,2025-10-26,2025-10-25,Entregado
PED-11241,CLI-1009,PROD-118,TR-103,Centro,176,31.89,45,2024-09-01,2024-09-06,2024-09-08,Entregado
PED-11242,CLI-1103,PROD-112,TR-104,Oeste,428,13.95,212,2024-04-13,2024-04-17,2024-04-18,Entregado
PED-11243,CLI-1088,PROD-120,TR-103,Sur,839,13.4,541,2025-12-23,2025-12-28,,Cancelado
PED-11244,CLI-1122,PROD-123,TR-103,Centro,459,26.56,556,2026-05-23,2026-05-28,2026-05-27,Entregado
PED-11245,CLI-1042,PROD-105,TR-103,Este,1320,19.84,552,2025-04-11,2025-04-16,2025-04-15,Entregado
PED-11246,CLI-1005,PROD-105,TR-103,Oeste,1320,34.19,552,2026-06-21,2026-06-26,2026-06-28,Entregado
PED-11247,CLI-1125,PROD-127,TR-102,Centro,162,34.75,93,2025-04-28,2025-05-02,2025-05-04,Entregado
PED-11248,CLI-1134,PROD-116,TR-102,Sur,464,29.8,574,2026-02-12,2026-02-16,2026-02-15,Entregado
PED-11249,CLI-1085,PROD-114,TR-104,Norte,602,21.39,543,2026-01-22,2026-01-26,2026-01-27,Entregado
PED-11250,CLI-1003,PROD-126,TR-103,Norte,2556,21.34,1686,2024-11-04,2024-11-09,2024-11-10,Entregado
PED-10001,CLI-1032,PROD-106,TR-104,Centro,2601,24.81,559,2025-11-11,2025-11-15,2025-11-16,Entregado
PED-10002,CLI-1140,PROD-126,TR-101,Oeste,2556,25.85,1686,2024-11-07,2024-11-10,2024-11-10,Entregado
PED-10003,CLI-1119,PROD-114,TR-104,Centro,903,25.96,181,2025-11-22,2025-11-26,2025-11-26,Entregado
PED-10004,CLI-1072,PROD-116,TR-103,Oeste,1392,14.45,574,2024-04-05,2024-04-10,2024-04-09,Entregado
PED-10005,CLI-1050,PROD-104,TR-101,Este,291,20.57,26,2024-02-17,2024-02-20,2024-02-20,Entregado
